Trddt,Yield
2002/1/4,2.5132
2002/1/7,2.5315
2002/1/8,1.6574
2002/1/9,1.6275
2002/1/10,1.6239
2002/1/11,1.6271
2002/1/14,1.3843
2002/1/15,1.4417
2002/1/16,1.4707
2002/1/17,1.44
2002/1/18,2.1773
2002/1/21,2.178
2002/1/22,2.1803
2002/1/23,2.3195
2002/1/24,2.1502
2002/1/25,2.3347
2002/1/28,2.2602
2002/1/29,1.5534
2002/1/30,2.183
2002/1/31,2.1987
2002/2/1,2.1114
2002/2/4,2.098
2002/2/5,2.0685
2002/2/6,2.1482
2002/2/7,2.0338
2002/2/8,2.0438
2002/2/9,2.0626
2002/2/10,2.0855
2002/2/11,2.1192
2002/2/19,2.1142
2002/2/20,1.9979
2002/2/21,2.0952
2002/2/22,2.0721
2002/2/25,1.9462
2002/2/26,1.9155
2002/2/27,1.9112
2002/2/28,1.9053
2002/3/1,1.9359
2002/3/4,2.0187
2002/3/5,1.9382
2002/3/6,1.7784
2002/3/7,1.7614
2002/3/8,1.7253
2002/3/11,1.757
2002/3/12,1.7553
2002/3/13,1.7809
2002/3/14,1.7629
2002/3/15,1.7947
2002/3/18,1.9667
2002/3/19,2.0084
2002/3/20,2.0078
2002/3/21,1.7783
2002/3/22,1.7618
2002/3/25,1.6896
2002/3/26,1.738
2002/3/27,1.5678
2002/3/28,1.6812
2002/3/29,1.7318
2002/4/1,1.7965
2002/4/2,1.8861
2002/4/3,1.7736
2002/4/4,1.7216
2002/4/5,1.5235
2002/4/8,1.7338
2002/4/9,1.6963
2002/4/10,1.7778
2002/4/11,1.7777
2002/4/12,1.8713
2002/4/15,1.8287
2002/4/16,1.8726
2002/4/17,1.8063
2002/4/18,1.8568
2002/4/19,1.9378
2002/4/22,1.8105
2002/4/23,1.8447
2002/4/24,1.798
2002/4/25,1.7575
2002/4/26,5.0297
2002/4/27,1.7825
2002/4/28,0.8292
2002/4/29,1.7561
2002/4/30,1.8594
2002/5/8,1.815
2002/5/9,1.7731
2002/5/10,1.9487
2002/5/13,1.7747
2002/5/14,1.7996
2002/5/15,1.7795
2002/5/16,1.802
2002/5/17,1.8113
2002/5/20,1.7585
2002/5/21,1.8049
2002/5/22,1.8064
2002/5/23,1.8729
2002/5/24,1.8619
2002/5/27,1.761
2002/5/28,1.7633
2002/5/29,1.7669
2002/5/30,1.7725
2002/5/31,1.7809
2002/6/3,1.8101
2002/6/4,1.4612
2002/6/5,1.4278
2002/6/6,1.7444
2002/6/7,1.5841
2002/6/10,1.7855
2002/6/11,1.7706
2002/6/12,1.793
2002/6/13,1.7803
2002/6/14,1.734
2002/6/17,1.745
2002/6/18,1.8252
2002/6/19,1.7212
2002/6/20,1.7394
2002/6/21,1.7254
2002/6/24,1.7235
2002/6/25,1.4979
2002/6/26,1.6649
2002/6/27,1.7265
2002/6/28,1.6757
2002/7/1,1.7176
2002/7/2,1.738
2002/7/3,1.6975
2002/7/4,1.7005
2002/7/5,1.6057
2002/7/8,1.6501
2002/7/9,1.6884
2002/7/10,1.5921
2002/7/11,1.6495
2002/7/12,1.8027
2002/7/15,1.4081
2002/7/16,1.5974
2002/7/17,1.6853
2002/7/18,1.7997
2002/7/19,1.6137
2002/7/22,1.5703
2002/7/23,1.4977
2002/7/24,1.5092
2002/7/25,1.6963
2002/7/26,1.5689
2002/7/29,1.6938
2002/7/30,1.718
2002/7/31,1.6231
2002/8/1,1.604
2002/8/2,1.6729
2002/8/5,1.6279
2002/8/6,1.6364
2002/8/7,1.6315
2002/8/8,1.7241
2002/8/9,1.5025
2002/8/12,1.6249
2002/8/13,1.7003
2002/8/14,1.6633
2002/8/15,1.6855
2002/8/16,1.449
2002/8/19,1.4022
2002/8/20,1.3731
2002/8/21,1.4186
2002/8/22,1.843
2002/8/26,1.4558
2002/8/27,1.5286
2002/8/28,1.6195
2002/8/29,1.7025
2002/8/30,1.6296
2002/9/2,1.5707
2002/9/3,1.7381
2002/9/4,1.7312
2002/9/5,1.4872
2002/9/6,1.5259
2002/9/9,1.4113
2002/9/10,1.1391
2002/9/11,1.7507
2002/9/12,1.815
2002/9/13,1.2969
2002/9/16,1.5903
2002/9/17,1.6144
2002/9/18,1.8274
2002/9/19,1.4383
2002/9/20,1.7717
2002/9/23,1.9128
2002/9/24,1.8639
2002/9/25,1.8159
2002/9/26,1.7162
2002/9/27,1.8222
2002/9/28,1.9748
2002/9/29,1.719
2002/9/30,1.3792
2002/10/8,1.8737
2002/10/9,1.8766
2002/10/10,1.831
2002/10/11,1.8473
2002/10/14,1.8606
2002/10/15,1.8093
2002/10/16,1.8229
2002/10/17,1.6454
2002/10/18,1.9093
2002/10/21,1.8391
2002/10/22,1.8739
2002/10/23,1.8884
2002/10/24,1.9725
2002/10/25,1.941
2002/10/28,2.0911
2002/10/29,1.991
2002/10/30,1.8774
2002/10/31,1.8823
2002/11/1,1.824
2002/11/4,2.0784
2002/11/5,1.8063
2002/11/6,1.7737
2002/11/7,1.7627
2002/11/8,1.2744
2002/11/11,1.7562
2002/11/12,1.7578
2002/11/13,1.7646
2002/11/14,1.77
2002/11/15,1.7784
2002/11/18,1.7609
2002/11/19,1.3904
2002/11/20,1.7753
2002/11/21,1.7035
2002/11/22,1.6823
2002/11/25,1.6716
2002/11/26,1.6242
2002/11/27,1.656
2002/11/28,1.6614
2002/11/29,1.3609
2002/12/2,1.7152
2002/12/3,1.7064
2002/12/4,1.7088
2002/12/5,1.6656
2002/12/6,1.6889
2002/12/9,1.5926
2002/12/10,1.703
2002/12/11,1.6386
2002/12/12,1.6774
2002/12/13,2.1055
2002/12/16,1.6725
2002/12/17,1.6224
2002/12/18,1.6876
2002/12/19,1.6994
2002/12/20,1.7042
2002/12/23,1.6654
2002/12/24,2.1589
2002/12/25,1.5371
2002/12/26,2.0763
2002/12/27,1.385
2002/12/30,1.8176
2002/12/31,1.9288
2003/1/2,1.5024
2003/1/3,1.5755
2003/1/6,1.4978
2003/1/7,1.949
2003/1/8,1.6082
2003/1/9,1.6024
2003/1/10,1.5235
2003/1/13,1.525
2003/1/14,1.4982
2003/1/15,1.4488
2003/1/16,1.4443
2003/1/17,1.3627
2003/1/20,1.5661
2003/1/21,1.4063
2003/1/22,1.3902
2003/1/23,1.3848
2003/1/24,2.0503
2003/1/27,1.5942
2003/1/28,1.3619
2003/1/29,1.332
2003/1/30,1.9378
2003/1/31,1.9678
2003/2/8,1.2093
2003/2/9,1.1751
2003/2/10,1.3454
2003/2/11,1.9987
2003/2/12,1.1454
2003/2/13,1.1296
2003/2/14,1.0704
2003/2/17,1.8821
2003/2/18,1.0128
2003/2/19,1.1131
2003/2/20,1.0248
2003/2/21,1.0758
2003/2/24,2.0328
2003/2/25,0.9442
2003/2/26,1.008
2003/2/27,0.9965
2003/2/28,1.0082
2003/3/3,1.8855
2003/3/4,0.9393
2003/3/5,2.0437
2003/3/6,1.9817
2003/3/7,0.8699
2003/3/10,1.9273
2003/3/11,2.1033
2003/3/12,0.9622
2003/3/13,1.8179
2003/3/14,1.9241
2003/3/17,0.7923
2003/3/18,1.5663
2003/3/19,1.3491
2003/3/20,0.8256
2003/3/21,2.1538
2003/3/24,1.2707
2003/3/25,1.3178
2003/3/26,2.007
2003/3/27,0.5594
2003/3/28,1.9905
2003/3/31,1.9249
2003/4/1,2.0614
2003/4/2,1.9787
2003/4/3,1.9545
2003/4/4,2.0379
2003/4/7,1.9267
2003/4/8,1.9515
2003/4/9,1.8663
2003/4/10,1.8047
2003/4/11,2.0606
2003/4/14,0.1361
2003/4/15,1.9348
2003/4/16,1.8782
2003/4/17,1.8838
2003/4/18,1.9862
2003/4/21,2.0072
2003/4/22,-0.0907
2003/4/23,1.8969
2003/4/24,1.5039
2003/4/25,2.0465
2003/4/28,2.1167
2003/4/29,2.1071
2003/5/6,1.9513
2003/5/7,1.9476
2003/5/8,1.9152
2003/5/9,1.9971
2003/5/12,1.9891
2003/5/13,1.8973
2003/5/14,1.9933
2003/5/15,1.9847
2003/5/16,2.0278
2003/5/19,1.895
2003/5/20,1.8162
2003/5/21,1.8917
2003/5/22,1.8861
2003/5/23,1.9541
2003/5/26,1.9119
2003/5/27,1.9477
2003/5/28,1.8289
2003/5/29,1.9233
2003/5/30,1.9247
2003/6/2,1.8639
2003/6/3,2.0147
2003/6/4,1.9216
2003/6/5,1.9217
2003/6/6,1.8614
2003/6/9,1.985
2003/6/10,2.844
2003/6/11,2.1473
2003/6/12,2.0267
2003/6/13,2.0868
2003/6/16,1.9985
2003/6/17,2.0306
2003/6/18,1.9939
2003/6/20,2.0424
2003/6/23,2.0786
2003/6/24,2.0521
2003/6/25,2.0578
2003/6/26,2.5725
2003/6/27,2.0656
2003/6/30,1.8995
2003/7/1,1.9476
2003/7/2,2.0945
2003/7/3,2.019
2003/7/4,2.0998
2003/7/7,2.1531
2003/7/8,2.0318
2003/7/9,1.9839
2003/7/10,2.0617
2003/7/11,2.0045
2003/7/14,2.3854
2003/7/15,2.3686
2003/7/16,2.4245
2003/7/17,2.3686
2003/7/18,2.3726
2003/7/21,2.3869
2003/7/22,2.364
2003/7/23,2.244
2003/7/24,2.1933
2003/7/25,2.2244
2003/7/28,2.2613
2003/7/29,2.2469
2003/7/30,2.2267
2003/7/31,2.219
2003/8/1,2.2362
2003/8/4,2.0156
2003/8/5,2.2224
2003/8/6,2.2365
2003/8/7,2.2261
2003/8/11,2.3945
2003/8/12,2.5035
2003/8/13,2.4377
2003/8/14,2.4399
2003/8/19,2.5085
2003/8/20,2.4608
2003/8/21,2.5255
2003/8/22,2.5078
2003/8/25,2.4997
2003/8/26,2.478
2003/8/27,2.6097
2003/8/28,2.6108
2003/8/29,2.5373
2003/9/1,2.5346
2003/9/2,2.5592
2003/9/3,2.535
2003/9/4,2.5536
2003/9/5,2.5441
2003/9/8,2.5052
2003/9/9,2.5837
2003/9/10,2.5889
2003/9/11,2.5889
2003/9/12,2.5914
2003/9/15,2.3425
2003/9/16,2.6231
2003/9/17,2.6879
2003/9/18,2.6156
2003/9/19,2.8103
2003/9/22,2.5274
2003/9/23,2.369
2003/9/24,2.4676
2003/9/25,2.6256
2003/9/26,2.4832
2003/9/27,2.4223
2003/9/28,2.551
2003/9/29,2.1264
2003/9/30,2.1771
2003/10/8,2.194
2003/10/9,2.4138
2003/10/10,2.7004
2003/10/13,2.7713
2003/10/14,2.4615
2003/10/15,2.3815
2003/10/16,2.3151
2003/10/17,2.5906
2003/10/20,2.5451
2003/10/21,2.2396
2003/10/22,2.3439
2003/10/23,2.3631
2003/10/24,1.9395
2003/10/27,2.7731
2003/10/28,2.5269
2003/10/29,2.4748
2003/10/30,2.2598
2003/10/31,2.6354
2003/11/3,2.6377
2003/11/4,2.6815
2003/11/5,2.5282
2003/11/6,2.4586
2003/11/7,2.338
2003/11/10,2.4576
2003/11/11,2.4501
2003/11/12,2.4635
2003/11/13,2.3952
2003/11/14,2.5179
2003/11/17,2.3885
2003/11/18,2.2714
2003/11/19,2.2377
2003/11/20,2.1918
2003/11/21,2.0884
2003/11/24,2.0376
2003/11/25,2.373
2003/11/26,1.9791
2003/11/28,1.7211
2003/12/1,2.013
2003/12/2,1.9137
2003/12/3,2.0064
2003/12/4,2.0711
2003/12/5,2.1815
2003/12/8,2.0126
2003/12/9,2.3172
2003/12/10,2.0855
2003/12/11,2.1455
2003/12/12,2.1056
2003/12/15,2.0874
2003/12/16,1.8138
2003/12/17,1.9376
2003/12/18,1.991
2003/12/19,2.125
2003/12/22,2.2944
2003/12/23,2.2623
2003/12/24,2.0913
2003/12/25,2.0808
2003/12/26,2.138
2003/12/29,2.0597
2003/12/30,1.9723
2003/12/31,1.7756
2004/1/2,1.7904
2004/1/5,2.0258
2004/1/6,1.9985
2004/1/7,2.1499
2004/1/8,2.1089
2004/1/9,3.0737
2004/1/12,2.07
2004/1/13,2.0462
2004/1/14,2.3434
2004/1/15,2.0538
2004/1/16,2.3053
2004/1/17,2.2467
2004/1/18,2.0739
2004/1/19,2.2191
2004/1/20,2.0742
2004/1/21,2.2436
2004/1/29,2.2083
2004/1/30,2.1584
2004/2/2,2.1859
2004/2/3,2.2371
2004/2/4,2.3047
2004/2/5,2.0883
2004/2/6,1.8991
2004/2/9,2.2528
2004/2/10,2.2787
2004/2/11,1.9937
2004/2/12,2.3554
2004/2/13,2.2801
2004/2/16,1.9188
2004/2/17,2.2742
2004/2/18,2.2961
2004/2/19,2.2857
2004/2/20,1.9537
2004/2/23,2.3099
2004/2/24,2.3267
2004/2/25,2.2899
2004/2/26,2.2834
2004/2/27,2.1998
2004/3/1,2.2456
2004/3/2,2.309
2004/3/3,2.2447
2004/3/4,2.3157
2004/3/5,2.279
2004/3/8,2.3025
2004/3/9,2.2703
2004/3/10,2.2576
2004/3/11,2.2792
2004/3/12,2.2909
2004/3/15,2.2242
2004/3/16,2.1566
2004/3/17,2.0242
2004/3/18,2.0665
2004/3/19,2.4062
2004/3/22,2.4669
2004/3/23,2.3784
2004/3/24,2.5351
2004/3/25,2.3649
2004/3/26,2.4253
2004/3/29,2.3981
2004/3/30,2.2273
2004/3/31,2.1794
2004/4/1,2.3458
2004/4/5,2.3152
2004/4/6,2.1959
2004/4/7,2.4687
2004/4/8,2.4285
2004/4/9,2.335
2004/4/12,2.327
2004/4/13,2.4333
2004/4/14,2.5465
2004/4/15,2.4463
2004/4/16,2.7953
2004/4/19,2.625
2004/4/20,2.4225
2004/4/21,2.3878
2004/4/22,2.4164
2004/4/23,2.2061
2004/4/26,2.5794
2004/4/27,2.4838
2004/4/28,2.4917
2004/4/29,2.4026
2004/4/30,2.637
2004/5/8,2.6301
2004/5/9,2.5687
2004/5/10,2.4838
2004/5/11,2.55
2004/5/12,2.5998
2004/5/13,2.7264
2004/5/14,2.4859
2004/5/17,2.4532
2004/5/18,2.4268
2004/5/19,2.6904
2004/5/20,2.7035
2004/5/21,2.8613
2004/5/24,2.8923
2004/5/25,2.4666
2004/5/26,2.694
2004/5/27,2.8066
2004/5/28,2.7402
2004/5/31,2.8296
2004/6/1,2.6628
2004/6/2,2.6235
2004/6/3,2.6277
2004/6/4,2.5504
2004/6/7,2.779
2004/6/8,2.7042
2004/6/9,2.867
2004/6/10,2.8378
2004/6/11,2.8594
2004/6/14,3.0128
2004/6/15,2.6665
2004/6/16,2.8789
2004/6/17,2.5769
2004/6/18,2.6982
2004/6/21,2.8246
2004/6/22,2.9206
2004/6/23,2.6863
2004/6/24,2.7163
2004/6/25,2.7312
2004/6/28,3.0255
2004/6/29,2.7377
2004/6/30,2.9227
2004/7/1,2.8789
2004/7/2,3.1319
2004/7/5,2.5786
2004/7/6,2.8728
2004/7/7,2.9271
2004/7/8,2.8034
2004/7/9,2.8433
2004/7/12,2.9472
2004/7/13,2.813
2004/7/14,2.7885
2004/7/15,2.8857
2004/7/16,2.804
2004/7/19,2.8349
2004/7/20,2.8996
2004/7/21,2.9771
2004/7/22,2.9286
2004/7/23,2.7588
2004/7/26,2.969
2004/7/27,2.8693
2004/7/28,2.7933
2004/7/29,2.7946
2004/7/30,2.4747
2004/8/2,2.4095
2004/8/3,2.8204
2004/8/4,2.7041
2004/8/5,2.6637
2004/8/6,2.5625
2004/8/9,2.8486
2004/8/10,2.7399
2004/8/11,2.7279
2004/8/12,2.8146
2004/8/13,2.8047
2004/8/16,2.9293
2004/8/17,9.5636
2004/8/18,2.1854
2004/8/19,2.7542
2004/8/20,2.7414
2004/8/23,2.8681
2004/8/24,2.8473
2004/8/25,2.7271
2004/8/26,2.6449
2004/8/27,2.6252
2004/8/30,2.9028
2004/8/31,2.666
2004/9/1,2.9754
2004/9/2,2.6375
2004/9/3,2.8718
2004/9/6,2.7524
2004/9/7,2.6898
2004/9/8,2.8388
2004/9/9,2.7502
2004/9/10,2.5807
2004/9/13,2.9001
2004/9/14,2.7321
2004/9/15,2.6799
2004/9/16,2.7993
2004/9/17,2.742
2004/9/20,2.6431
2004/9/21,2.7984
2004/9/22,2.524
2004/9/23,2.727
2004/9/24,2.705
2004/9/27,2.4012
2004/9/28,2.5313
2004/9/29,2.5284
2004/9/30,2.6307
2004/10/8,2.5093
2004/10/9,2.7468
2004/10/10,2.8105
2004/10/11,2.7368
2004/10/12,2.6303
2004/10/13,2.6855
2004/10/14,2.6669
2004/10/15,2.6457
2004/10/18,2.5942
2004/10/19,2.7447
2004/10/20,2.7185
2004/10/21,2.5763
2004/10/22,2.6088
2004/10/25,2.7152
2004/10/26,2.8049
2004/10/27,2.672
2004/10/28,2.6172
2004/10/29,3.0346
2004/11/1,2.9231
2004/11/2,2.8311
2004/11/3,2.6929
2004/11/4,2.7166
2004/11/5,2.727
2004/11/8,2.7853
2004/11/9,2.7657
2004/11/10,2.05
2004/11/11,2.6604
2004/11/12,2.6733
2004/11/15,2.6808
2004/11/16,2.649
2004/11/17,2.6127
2004/11/18,2.686
2004/11/19,2.6765
2004/11/22,2.7302
2004/11/23,2.6376
2004/11/24,2.6651
2004/11/25,2.622
2004/11/26,2.5601
2004/11/29,2.7387
2004/11/30,2.6492
2004/12/1,3.2033
2004/12/2,2.641
2004/12/3,2.5859
2004/12/6,2.5184
2004/12/7,2.4736
2004/12/8,2.4989
2004/12/9,2.5607
2004/12/10,2.0574
2004/12/13,2.396
2004/12/14,2.3476
2004/12/15,2.4591
2004/12/16,2.4954
2004/12/17,2.6575
2004/12/20,2.7094
2004/12/21,2.5556
2004/12/22,2.4751
2004/12/23,2.4809
2004/12/24,2.4323
2004/12/27,2.5561
2004/12/28,2.8705
2004/12/29,2.5719
2004/12/30,2.5236
2004/12/31,2.6007
2005/1/4,2.7393
2005/1/5,2.5691
2005/1/6,2.4908
2005/1/7,2.3603
2005/1/10,2.4315
2005/1/11,2.427
2005/1/12,2.4094
2005/1/13,2.3297
2005/1/14,2.3734
2005/1/17,2.4377
2005/1/18,2.3664
2005/1/19,2.4285
2005/1/20,2.5917
2005/1/21,2.66
2005/1/24,2.4813
2005/1/25,2.4633
2005/1/26,2.5728
2005/1/27,2.5477
2005/1/28,2.4025
2005/1/31,2.4996
2005/2/1,2.4878
2005/2/2,2.4505
2005/2/3,2.5767
2005/2/4,2.5768
2005/2/5,2.7156
2005/2/6,2.5905
2005/2/7,2.5245
2005/2/8,2.4823
2005/2/16,2.6117
2005/2/17,2.5321
2005/2/18,2.544
2005/2/21,2.3792
2005/2/22,2.5607
2005/2/23,2.5689
2005/2/24,2.616
2005/2/25,2.5842
2005/2/28,2.3975
2005/3/1,2.3643
2005/3/2,2.415
2005/3/3,2.5227
2005/3/4,2.3959
2005/3/7,2.458
2005/3/8,2.1883
2005/3/9,2.271
2005/3/10,2.172
2005/3/11,2.2371
2005/3/14,2.195
2005/3/15,2.7006
2005/3/16,2.8685
2005/3/17,2.6036
2005/3/18,2.5457
2005/3/21,2.5522
2005/3/22,2.5794
2005/3/23,2.6362
2005/3/24,2.6876
2005/3/25,2.6268
2005/3/28,2.6158
2005/3/29,2.5583
2005/3/30,2.5798
2005/3/31,2.3844
2005/4/1,2.5528
2005/4/4,2.491
2005/4/5,2.525
2005/4/6,2.5061
2005/4/7,2.3192
2005/4/8,2.4254
2005/4/11,2.4897
2005/4/12,2.2944
2005/4/13,2.3041
2005/4/14,2.1674
2005/4/15,2.2807
2005/4/18,2.3754
2005/4/19,2.563
2005/4/20,2.3753
2005/4/21,2.2597
2005/4/22,2.1928
2005/4/25,2.1914
2005/4/26,2.5508
2005/4/27,2.4512
2005/4/28,2.5221
2005/4/29,2.4059
2005/4/30,2.4874
2005/5/8,2.4206
2005/5/9,2.4666
2005/5/10,2.3777
2005/5/11,2.4811
2005/5/12,2.385
2005/5/13,2.3357
2005/5/16,2.3107
2005/5/17,2.3767
2005/5/18,2.3574
2005/5/19,2.3469
2005/5/20,2.2944
2005/5/23,2.1622
2005/5/24,2.116
2005/5/25,2.2366
2005/5/26,2.0914
2005/5/27,2.1814
2005/5/30,2.2197
2005/5/31,2.2108
2005/6/1,2.077
2005/6/2,2.1072
2005/6/3,2.0451
2005/6/6,2.0742
2005/6/7,2.1112
2005/6/8,2.1107
2005/6/9,1.9285
2005/6/10,1.9584
2005/6/13,1.9117
2005/6/14,1.8893
2005/6/15,1.9648
2005/6/16,1.7804
2005/6/17,2.0826
2005/6/20,2.2262
2005/6/21,1.8196
2005/6/22,1.8279
2005/6/23,2.533
2005/6/24,2.124
2005/6/27,1.964
2005/6/28,1.983
2005/6/29,1.8985
2005/6/30,1.8718
2005/7/1,1.9569
2005/7/4,1.8262
2005/7/5,1.8136
2005/7/6,1.8411
2005/7/7,1.862
2005/7/8,1.8114
2005/7/11,1.8583
2005/7/12,1.8403
2005/7/13,1.7824
2005/7/14,1.9035
2005/7/15,1.3176
2005/7/18,1.3122
2005/7/19,1.3525
2005/7/20,1.4077
2005/7/21,1.4127
2005/7/22,1.3977
2005/7/25,1.287
2005/7/26,1.277
2005/7/27,1.1799
2005/7/28,1.3217
2005/7/29,1.3431
2005/8/1,1.4973
2005/8/2,1.3532
2005/8/3,1.6523
2005/8/4,1.3144
2005/8/5,1.437
2005/8/8,1.4057
2005/8/9,1.31
2005/8/10,1.4809
2005/8/11,1.342
2005/8/12,1.4174
2005/8/15,1.3843
2005/8/16,1.4075
2005/8/17,1.3024
2005/8/18,1.3448
2005/8/19,1.2558
2005/8/22,1.3837
2005/8/23,1.3483
2005/8/24,1.4431
2005/8/25,1.1827
2005/8/26,1.1534
2005/8/29,1.0687
2005/8/30,1.1098
2005/8/31,1.1023
2005/9/1,1.1195
2005/9/2,1.0752
2005/9/5,1.1569
2005/9/6,1.1256
2005/9/7,1.1186
2005/9/8,1.1575
2005/9/9,1.1567
2005/9/12,1.1599
2005/9/13,1.1629
2005/9/14,1.1689
2005/9/15,1.0918
2005/9/16,1.1986
2005/9/19,1.1622
2005/9/20,1.0111
2005/9/21,1.1016
2005/9/22,1.0919
2005/9/23,1.1502
2005/9/26,1.057
2005/9/27,1.0706
2005/9/28,1.0872
2005/9/29,1.44
2005/9/30,1.0751
2005/10/8,1.1069
2005/10/9,1.1145
2005/10/10,1.1674
2005/10/11,1.1215
2005/10/12,1.2059
2005/10/13,1.1779
2005/10/14,1.1197
2005/10/17,1.1952
2005/10/18,1.1892
2005/10/19,1.1633
2005/10/20,1.1724
2005/10/21,1.2749
2005/10/24,1.1814
2005/10/25,1.3002
2005/10/26,1.2995
2005/10/27,1.2895
2005/10/28,1.232
2005/10/31,1.1885
2005/11/1,1.2174
2005/11/2,1.2746
2005/11/3,1.2561
2005/11/4,1.2273
2005/11/7,1.2324
2005/11/8,1.4414
2005/11/9,1.3736
2005/11/10,1.3878
2005/11/11,1.2755
2005/11/14,1.4384
2005/11/15,1.5995
2005/11/16,1.2712
2005/11/17,1.3066
2005/11/18,1.3783
2005/11/21,1.3211
2005/11/22,1.6413
2005/11/23,1.3571
2005/11/24,1.5347
2005/11/25,1.486
2005/11/28,1.4547
2005/11/29,1.6738
2005/11/30,1.5577
2005/12/1,1.6089
2005/12/2,1.6751
2005/12/5,1.743
2005/12/6,1.7346
2005/12/7,1.7538
2005/12/8,1.6625
2005/12/9,1.654
2005/12/12,1.7189
2005/12/13,1.6939
2005/12/14,1.6604
2005/12/15,1.6272
2005/12/16,1.5337
2005/12/19,1.6234
2005/12/20,1.5638
2005/12/21,1.9743
2005/12/22,1.3951
2005/12/23,1.6422
2005/12/26,1.54
2005/12/27,1.4691
2005/12/28,1.4901
2005/12/29,1.5469
2005/12/30,1.6562
2005/12/31,1.581
2006/1/4,1.462
2006/1/5,1.5157
2006/1/6,1.4556
2006/1/9,1.4482
2006/1/10,1.4402
2006/1/11,1.3842
2006/1/12,1.4125
2006/1/13,1.3208
2006/1/16,1.5065
2006/1/17,1.4926
2006/1/18,1.4008
2006/1/19,1.4098
2006/1/20,1.4188
2006/1/23,1.3693
2006/1/24,1.5128
2006/1/25,1.4721
2006/1/26,1.4696
2006/1/27,1.4686
2006/1/28,1.4683
2006/2/5,1.4671
2006/2/6,1.3752
2006/2/7,1.3588
2006/2/8,1.5099
2006/2/9,1.582
2006/2/10,1.5188
2006/2/13,1.6527
2006/2/14,1.6248
2006/2/15,1.3176
2006/2/16,1.5901
2006/2/17,1.445
2006/2/20,1.4812
2006/2/21,1.3437
2006/2/22,1.4802
2006/2/23,1.587
2006/2/24,1.6265
2006/2/27,1.7032
2006/2/28,1.5306
2006/3/1,1.4
2006/3/2,1.41
2006/3/3,1.4
2006/3/6,1.44
2006/3/7,1.4
2006/3/8,1.38
2006/3/9,1.38
2006/3/10,1.39
2006/3/13,1.4
2006/3/14,1.41
2006/3/15,1.43
2006/3/16,1.44
2006/3/17,1.42
2006/3/20,1.44
2006/3/21,1.43
2006/3/22,1.45
2006/3/23,1.42
2006/3/24,1.4
2006/3/27,1.39
2006/3/28,1.37
2006/3/29,1.36
2006/3/30,1.37
2006/3/31,1.36
2006/4/3,1.35
2006/4/4,1.36
2006/4/5,1.37
2006/4/6,1.365
2006/4/7,1.35
2006/4/10,1.35
2006/4/11,1.37
2006/4/12,1.39
2006/4/13,1.39
2006/4/14,1.4
2006/4/17,1.43
2006/4/18,1.45
2006/4/19,1.46
2006/4/20,1.45
2006/4/21,1.47
2006/4/24,1.49
2006/4/25,1.49
2006/4/26,1.48
2006/4/27,1.45
2006/4/28,1.42
2006/4/29,1.41
2006/4/30,1.43
2006/5/8,1.42
2006/5/9,1.41
2006/5/10,1.39
2006/5/11,1.415
2006/5/12,1.43
2006/5/15,1.47
2006/5/16,1.46
2006/5/17,1.44
2006/5/18,1.44
2006/5/19,1.43
2006/5/22,1.44
2006/5/23,1.45
2006/5/24,1.446
2006/5/25,1.44
2006/5/26,1.435
2006/5/29,1.44
2006/5/30,1.435
2006/5/31,1.44
2006/6/1,1.45
2006/6/2,1.475
2006/6/5,1.485
2006/6/6,1.49
2006/6/7,1.55
2006/6/8,1.552
2006/6/9,1.57
2006/6/12,1.57
2006/6/13,1.48
2006/6/14,1.5
2006/6/15,1.52
2006/6/16,1.51
2006/6/19,1.53
2006/6/20,1.55
2006/6/21,1.57
2006/6/22,1.58
2006/6/23,1.575
2006/6/26,1.565
2006/6/27,1.58
2006/6/28,1.56
2006/6/29,1.6
2006/6/30,1.61
2006/7/3,1.65
2006/7/4,1.68
2006/7/5,1.72
2006/7/6,1.71
2006/7/7,1.7
2006/7/10,1.69
2006/7/11,1.685
2006/7/12,1.698
2006/7/13,1.715
2006/7/14,1.719
2006/7/17,1.721
2006/7/18,1.72
2006/7/19,1.73
2006/7/20,1.731
2006/7/21,1.739
2006/7/24,1.86
2006/7/25,1.872
2006/7/26,1.88
2006/7/27,1.87
2006/7/28,1.89
2006/7/31,1.895
2006/8/1,1.8945
2006/8/2,1.895
2006/8/3,1.89
2006/8/4,1.89
2006/8/7,1.89
2006/8/8,1.89
2006/8/9,1.885
2006/8/10,1.865
2006/8/11,1.85
2006/8/14,1.85
2006/8/15,1.835
2006/8/16,1.81
2006/8/17,1.805
2006/8/18,1.79
2006/8/21,1.852
2006/8/22,1.831
2006/8/23,1.826
2006/8/24,1.821
2006/8/25,1.815
2006/8/28,1.815
2006/8/29,1.81
2006/8/30,1.81
2006/8/31,1.809
2006/9/1,1.819
2006/9/4,1.801
2006/9/5,1.798
2006/9/6,1.798
2006/9/7,1.799
2006/9/8,1.798
2006/9/11,1.799
2006/9/12,1.789
2006/9/13,1.783
2006/9/14,1.793
2006/9/15,1.791
2006/9/18,1.781
2006/9/19,1.775
2006/9/20,1.765
2006/9/21,1.735
2006/9/22,1.739
2006/9/25,1.74
2006/9/26,1.75
2006/9/27,1.68
2006/9/28,1.7
2006/9/29,1.7
2006/9/30,1.69
2006/10/8,1.69
2006/10/9,1.68
2006/10/10,1.679
2006/10/11,1.68
2006/10/12,1.675
2006/10/13,1.681
2006/10/16,1.685
2006/10/17,1.691
2006/10/18,1.685
2006/10/19,1.689
2006/10/20,1.679
2006/10/23,1.681
2006/10/24,1.68
2006/10/25,1.675
2006/10/26,1.675
2006/10/27,1.678
2006/10/30,1.678
2006/10/31,1.684
2006/11/1,1.685
2006/11/2,1.685
2006/11/3,1.685
2006/11/6,1.7
2006/11/7,1.7
2006/11/8,1.7
2006/11/9,1.71
2006/11/10,1.715
2006/11/13,1.725
2006/11/14,1.729
2006/11/15,1.725
2006/11/16,1.723
2006/11/17,1.725
2006/11/20,1.728
2006/11/21,1.791
2006/11/22,1.802
2006/11/23,1.84
2006/11/24,1.83
2006/11/27,1.86
2006/11/28,1.85
2006/11/29,1.84
2006/11/30,1.84
2006/12/1,1.86
2006/12/4,1.86
2006/12/5,1.862
2006/12/6,1.88
2006/12/7,1.9
2006/12/8,1.9
2006/12/11,1.9
2006/12/12,1.89
2006/12/13,1.92
2006/12/14,1.92
2006/12/15,1.92
2006/12/18,1.92
2006/12/19,1.9
2006/12/20,1.89
2006/12/21,1.89
2006/12/22,1.89
2006/12/25,1.89
2006/12/26,1.89
2006/12/27,1.89
2006/12/28,1.89
2006/12/29,1.89
2006/12/30,1.89
2006/12/31,1.89
2007/1/4,1.89
2007/1/5,1.88
2007/1/8,1.88
2007/1/9,1.88
2007/1/10,1.88
2007/1/11,1.88
2007/1/12,1.89
2007/1/15,1.89
2007/1/16,1.88
2007/1/17,1.885
2007/1/18,1.885
2007/1/19,1.89
2007/1/22,1.9
2007/1/23,1.9
2007/1/24,1.9
2007/1/25,1.9
2007/1/26,1.906
2007/1/29,1.902
2007/1/30,1.9
2007/1/31,1.89
2007/2/1,1.88
2007/2/2,1.87
2007/2/5,1.86
2007/2/6,1.86
2007/2/7,1.86
2007/2/8,1.87
2007/2/9,1.863
2007/2/12,1.869
2007/2/13,1.851
2007/2/14,1.856
2007/2/15,1.854
2007/2/16,1.851
2007/2/17,1.851
2007/2/25,1.852
2007/2/26,1.85
2007/2/27,1.84
2007/2/28,1.84
2007/3/1,1.83
2007/3/2,1.83
2007/3/5,1.815
2007/3/6,1.81
2007/3/7,1.81
2007/3/8,1.81
2007/3/9,1.81
2007/3/12,1.81
2007/3/13,1.8
2007/3/14,1.8
2007/3/15,1.8
2007/3/16,1.81
2007/3/19,1.84
2007/3/20,1.85
2007/3/21,1.86
2007/3/22,1.88
2007/3/23,1.88
2007/3/26,1.88
2007/3/27,1.88
2007/3/28,1.88
2007/3/29,1.88
2007/3/30,1.88
2007/4/2,1.88
2007/4/3,1.88
2007/4/4,1.88
2007/4/5,1.88
2007/4/6,1.9
2007/4/9,1.92
2007/4/10,1.94
2007/4/11,1.95
2007/4/12,1.95
2007/4/13,1.95
2007/4/16,1.97
2007/4/17,2
2007/4/18,2
2007/4/19,2
2007/4/20,2.2
2007/4/23,2.2
2007/4/24,2.2
2007/4/25,2.2
2007/4/26,2.05
2007/4/27,2
2007/4/28,1.99
2007/4/29,1.93
2007/4/30,1.91
2007/5/8,1.91
2007/5/9,1.9
2007/5/10,1.88
2007/5/11,1.91
2007/5/14,1.92
2007/5/15,1.92
2007/5/16,1.92
2007/5/17,1.92
2007/5/18,1.92
2007/5/21,1.92
2007/5/22,1.92
2007/5/23,1.91
2007/5/24,1.9
2007/5/25,1.94
2007/5/28,1.94
2007/5/29,1.935
2007/5/30,1.93
2007/5/31,1.935
2007/6/1,1.958
2007/6/4,1.955
2007/6/5,1.96
2007/6/6,2
2007/6/7,2.01
2007/6/8,2.01
2007/6/11,2.015
2007/6/12,2.01
2007/6/13,2.01
2007/6/14,2.02
2007/6/15,2.02
2007/6/18,2.02
2007/6/19,2.02
2007/6/20,2.03
2007/6/21,2.04
2007/6/22,2.04
2007/6/25,2.03
2007/6/26,2.03
2007/6/27,2.02
2007/6/28,2.02
2007/6/29,2.09
2007/7/2,2.09
2007/7/3,2.09
2007/7/4,2.07
2007/7/5,2.06
2007/7/6,2.06
2007/7/9,2.06
2007/7/10,2.06
2007/7/11,2.07
2007/7/12,2.075
2007/7/13,2.0755
2007/7/16,2.05
2007/7/17,2.042
2007/7/18,2.0248
2007/7/19,1.952
2007/7/20,1.9487
2007/7/23,1.937
2007/7/24,1.94
2007/7/25,1.9657
2007/7/26,1.958
2007/7/27,1.9654
2007/7/30,1.9632
2007/7/31,1.98
2007/8/1,1.9786
2007/8/2,1.9732
2007/8/3,1.9563
2007/8/6,1.9485
2007/8/7,1.9435
2007/8/8,1.9586
2007/8/9,1.9368
2007/8/10,1.9256
2007/8/13,1.9186
2007/8/14,1.932
2007/8/15,1.9264
2007/8/16,1.8879
2007/8/17,1.8657
2007/8/20,1.7258
2007/8/21,1.7038
2007/8/22,1.8958
2007/8/23,1.9485
2007/8/24,1.8259
2007/8/27,1.7368
2007/8/28,1.825
2007/8/29,1.867
2007/8/30,1.865
2007/8/31,1.86
2007/9/3,1.826
2007/9/4,1.8365
2007/9/5,1.7956
2007/9/6,1.783
2007/9/7,1.9368
2007/9/10,1.9436
2007/9/11,1.9856
2007/9/12,2.0395
2007/9/13,2.0895
2007/9/14,2.785
2007/9/17,2.4685
2007/9/18,2.2859
2007/9/19,2.315
2007/9/20,2.3589
2007/9/21,2.375
2007/9/24,2.1258
2007/9/25,2.0985
2007/9/26,2.115
2007/9/27,2.1
2007/9/28,2.08
2007/9/29,2.076
2007/9/30,2.06
2007/10/8,2.13
2007/10/9,1.96
2007/10/10,1.8
2007/10/11,1.83
2007/10/12,1.82
2007/10/15,1.825
2007/10/16,1.836
2007/10/17,1.91
2007/10/18,1.9104
2007/10/19,1.92
2007/10/22,1.92
2007/10/23,2.03
2007/10/24,3.1
2007/10/25,4.6
2007/10/26,7.8
2007/10/29,2.52
2007/10/30,2.45
2007/10/31,2.48
2007/11/1,2.5
2007/11/2,1.91
2007/11/5,1.91
2007/11/6,1.89
2007/11/7,1.58
2007/11/8,1.65
2007/11/9,1.63
2007/11/12,1.62
2007/11/13,1.615
2007/11/14,1.58
2007/11/15,1.79
2007/11/16,1.62
2007/11/19,1.62
2007/11/20,1.63
2007/11/21,1.635
2007/11/22,1.63
2007/11/23,1.632
2007/11/26,1.62
2007/11/27,1.63
2007/11/28,1.635
2007/11/29,1.63
2007/11/30,1.62
2007/12/3,1.61
2007/12/4,1.62
2007/12/5,1.635
2007/12/6,1.628
2007/12/7,1.63
2007/12/10,1.65
2007/12/11,1.638
2007/12/12,1.632
2007/12/13,1.65
2007/12/14,1.645
2007/12/17,1.642
2007/12/18,1.638
2007/12/19,1.629
2007/12/20,1.63
2007/12/21,1.635
2007/12/24,1.628
2007/12/25,1.65
2007/12/26,1.656
2007/12/27,1.586
2007/12/28,1.568
2007/12/29,1.88
2008/1/2,2.08
2008/1/3,1.88
2008/1/4,1.88
2008/1/7,1.83
2008/1/8,1.63
2008/1/9,1.5
2008/1/10,1.47
2008/1/11,1.4675
2008/1/14,1.46
2008/1/15,1.465
2008/1/16,1.468
2008/1/17,1.466
2008/1/18,1.466
2008/1/21,1.459
2008/1/22,1.47
2008/1/23,1.468
2008/1/24,1.469
2008/1/25,1.4603
2008/1/28,1.4659
2008/1/29,1.4769
2008/1/30,1.4795
2008/1/31,1.515
2008/2/1,1.528
2008/2/2,1.53
2008/2/3,1.536
2008/2/4,1.538
2008/2/5,1.55
2008/2/13,1.52
2008/2/14,1.5
2008/2/15,1.486
2008/2/18,1.475
2008/2/19,1.4768
2008/2/20,1.5868
2008/2/21,1.65
2008/2/22,1.6548
2008/2/25,1.6442
2008/2/26,1.695
2008/2/27,1.7506
2008/2/28,1.7398
2008/2/29,1.75
2008/3/3,1.698
2008/3/4,1.2082
2008/3/5,1.205
2008/3/6,1.1965
2008/3/7,1.1909
2008/3/10,1.1897
2008/3/11,1.1789
2008/3/12,1.1713
2008/3/13,1.1582
2008/3/14,1.5195
2008/3/17,1.4539
2008/3/18,1.4301
2008/3/19,1.4266
2008/3/20,1.4002
2008/3/21,1.5549
2008/3/24,1.3161
2008/3/25,1.3045
2008/3/26,1.3409
2008/3/27,1.3395
2008/3/28,1.5255
2008/3/31,1.55
2008/4/1,1.8566
2008/4/2,1.637
2008/4/3,1.6262
2008/4/7,1.589
2008/4/8,1.6037
2008/4/9,1.6166
2008/4/10,1.6317
2008/4/11,1.609
2008/4/14,1.6621
2008/4/15,1.6615
2008/4/16,1.6601
2008/4/17,1.661
2008/4/18,1.5849
2008/4/21,1.5073
2008/4/22,1.3933
2008/4/23,1.3776
2008/4/24,1.3563
2008/4/25,1.3781
2008/4/28,1.3931
2008/4/29,1.4032
2008/4/30,1.4312
2008/5/4,1.4586
2008/5/5,1.518
2008/5/6,1.5863
2008/5/7,1.6124
2008/5/8,1.6212
2008/5/9,1.6272
2008/5/12,1.6679
2008/5/13,1.7156
2008/5/14,1.7919
2008/5/15,1.7947
2008/5/16,1.8352
2008/5/19,1.8709
2008/5/20,1.8898
2008/5/21,1.9097
2008/5/22,1.9118
2008/5/23,1.9041
2008/5/26,1.986
2008/5/27,2.1371
2008/5/28,1.4476
2008/5/29,1.7624
2008/5/30,2.1217
2008/6/2,2.1207
2008/6/3,2.1194
2008/6/4,2.1371
2008/6/5,2.1639
2008/6/6,2.2341
2008/6/10,2.7069
2008/6/11,2.7851
2008/6/12,2.6813
2008/6/13,1.9094
2008/6/16,1.6646
2008/6/17,1.736
2008/6/18,1.81
2008/6/19,1.8078
2008/6/20,1.9287
2008/6/23,1.9465
2008/6/24,1.9535
2008/6/25,1.9133
2008/6/26,1.9266
2008/6/27,2.0652
2008/6/30,2.0601
2008/7/1,1.7658
2008/7/2,1.989
2008/7/3,1.8414
2008/7/4,1.8284
2008/7/7,1.8331
2008/7/8,1.8153
2008/7/9,1.7934
2008/7/10,1.7556
2008/7/11,1.6125
2008/7/14,1.5878
2008/7/15,1.6415
2008/7/16,1.7536
2008/7/17,1.7572
2008/7/18,1.7661
2008/7/21,1.7704
2008/7/22,1.7693
2008/7/23,1.7659
2008/7/24,1.7861
2008/7/25,1.7844
2008/7/28,1.7819
2008/7/29,1.7957
2008/7/30,1.7888
2008/7/31,1.7928
2008/8/1,2.0417
2008/8/4,2.055
2008/8/5,2.0554
2008/8/6,2.0552
2008/8/7,2.0515
2008/8/8,2.0489
2008/8/11,2.0173
2008/8/12,1.9936
2008/8/13,1.9681
2008/8/14,1.7951
2008/8/15,1.8135
2008/8/18,1.8519
2008/8/19,1.8573
2008/8/20,1.8415
2008/8/21,1.8265
2008/8/22,1.8294
2008/8/25,1.8319
2008/8/26,1.8302
2008/8/27,1.884
2008/8/28,1.8999
2008/8/29,1.9011
2008/9/1,1.8952
2008/9/2,1.9259
2008/9/3,1.9285
2008/9/4,1.93
2008/9/5,1.9221
2008/9/8,1.8942
2008/9/9,1.8806
2008/9/10,1.883
2008/9/11,1.8797
2008/9/12,1.8827
2008/9/16,1.8761
2008/9/17,1.8848
2008/9/18,1.9633
2008/9/19,2.2502
2008/9/22,2.3062
2008/9/23,2.2702
2008/9/24,2.2793
2008/9/25,2.0975
2008/9/26,2.1094
2008/9/27,2.0844
2008/9/28,2.0844
2008/10/6,2.059
2008/10/7,2.0627
2008/10/8,1.7914
2008/10/9,1.6614
2008/10/10,1.6623
2008/10/13,1.4621
2008/10/14,1.4211
2008/10/15,1.2223
2008/10/16,1.2564
2008/10/17,1.2364
2008/10/20,1.2394
2008/10/21,1.2427
2008/10/22,1.2377
2008/10/23,1.2414
2008/10/24,1.2402
2008/10/27,1.2406
2008/10/28,1.2402
2008/10/29,1.2419
2008/10/30,1.2398
2008/10/31,1.2377
2008/11/3,1.2394
2008/11/4,1.2798
2008/11/5,1.1398
2008/11/6,1.1919
2008/11/7,1.1918
2008/11/10,1.1244
2008/11/11,1.1377
2008/11/12,1.1577
2008/11/13,1.1677
2008/11/14,1.1877
2008/11/17,1.2157
2008/11/18,1.2394
2008/11/19,1.2394
2008/11/20,1.2644
2008/11/21,1.2094
2008/11/24,1.2177
2008/11/25,1.2169
2008/11/26,1.2265
2008/11/27,0.8875
2008/11/28,0.9325
2008/12/1,0.9225
2008/12/2,0.9166
2008/12/3,0.9173
2008/12/4,0.9196
2008/12/5,0.861
2008/12/8,0.856
2008/12/9,0.8352
2008/12/10,0.705
2008/12/11,0.6773
2008/12/12,0.6688
2008/12/15,0.6555
2008/12/16,0.5938
2008/12/17,0.5229
2008/12/18,0.5066
2008/12/19,0.4838
2008/12/22,0.475
2008/12/23,0.4717
2008/12/24,0.4621
2008/12/25,0.54
2008/12/26,0.5453
2008/12/29,0.55
2008/12/30,0.5503
2008/12/31,0.6082
2009/1/4,0.5982
2009/1/5,0.5951
2009/1/6,0.5832
2009/1/7,0.5759
2009/1/8,0.5694
2009/1/9,0.5694
2009/1/12,0.5664
2009/1/13,0.564
2009/1/14,0.5627
2009/1/15,0.5623
2009/1/16,0.56
2009/1/19,0.5606
2009/1/20,0.5631
2009/1/21,0.6597
2009/1/22,0.6406
2009/1/23,0.6239
2009/1/24,0.6747
2009/2/1,0.6714
2009/2/2,0.6614
2009/2/3,0.6815
2009/2/4,0.6707
2009/2/5,0.6814
2009/2/6,0.6793
2009/2/9,0.6879
2009/2/10,0.6872
2009/2/11,0.6939
2009/2/12,0.6843
2009/2/13,0.6897
2009/2/16,0.6755
2009/2/17,0.6747
2009/2/18,0.6714
2009/2/19,0.6789
2009/2/20,0.6764
2009/2/23,0.6789
2009/2/24,0.6701
2009/2/25,0.6664
2009/2/26,0.6618
2009/2/27,0.6618
2009/3/2,0.6597
2009/3/3,0.6576
2009/3/4,0.6559
2009/3/5,0.6576
2009/3/6,0.6559
2009/3/9,0.6618
2009/3/10,0.6584
2009/3/11,0.6593
2009/3/12,0.6584
2009/3/13,0.658
2009/3/16,0.6597
2009/3/17,0.6597
2009/3/18,0.6593
2009/3/19,0.6614
2009/3/20,0.6597
2009/3/23,0.6609
2009/3/24,0.6584
2009/3/25,0.6576
2009/3/26,0.658
2009/3/27,0.6572
2009/3/30,0.6581
2009/3/31,0.6568
2009/4/1,0.6568
2009/4/2,0.6576
2009/4/3,0.6564
2009/4/7,0.6564
2009/4/8,0.6764
2009/4/9,0.6768
2009/4/10,0.6764
2009/4/13,0.6768
2009/4/14,0.6751
2009/4/15,0.6756
2009/4/16,0.6751
2009/4/17,0.6772
2009/4/20,0.6756
2009/4/21,0.6976
2009/4/22,0.7039
2009/4/23,0.6872
2009/4/24,0.6872
2009/4/27,0.6864
2009/4/28,0.6822
2009/4/29,0.6826
2009/4/30,0.681
2009/5/4,0.6881
2009/5/5,0.6843
2009/5/6,0.6835
2009/5/7,0.6826
2009/5/8,0.6822
2009/5/11,0.681
2009/5/12,0.6814
2009/5/13,0.6822
2009/5/14,0.6822
2009/5/15,0.6843
2009/5/18,0.6847
2009/5/19,0.6839
2009/5/20,0.6847
2009/5/21,0.6847
2009/5/22,0.6851
2009/5/25,0.6847
2009/5/26,0.6872
2009/5/27,0.6876
2009/5/31,0.686
2009/6/1,0.6872
2009/6/2,0.6876
2009/6/3,0.6885
2009/6/4,0.6856
2009/6/5,0.6864
2009/6/8,0.6864
2009/6/9,0.686
2009/6/10,0.6906
2009/6/11,0.6885
2009/6/12,0.6893
2009/6/15,0.6922
2009/6/16,0.6914
2009/6/17,0.7047
2009/6/18,0.7193
2009/6/19,0.7768
2009/6/22,0.8222
2009/6/23,0.8322
2009/6/24,0.8318
2009/6/25,0.8331
2009/6/26,0.8364
2009/6/29,0.8743
2009/6/30,0.8743
2009/7/1,0.8818
2009/7/2,0.8518
2009/7/3,0.8514
2009/7/6,0.8298
2009/7/7,0.8293
2009/7/8,0.8318
2009/7/9,0.831
2009/7/10,0.8331
2009/7/13,0.8788
2009/7/14,0.8806
2009/7/15,0.8856
2009/7/16,0.9231
2009/7/17,1.1123
2009/7/20,1.0985
2009/7/21,1.2323
2009/7/22,1.2373
2009/7/23,1.2231
2009/7/24,1.1939
2009/7/27,1.1802
2009/7/28,1.1443
2009/7/29,0.9789
2009/7/30,1.0835
2009/7/31,1.0352
2009/8/3,1.0606
2009/8/4,1.0585
2009/8/5,1.0543
2009/8/6,1.0543
2009/8/7,1.0518
2009/8/10,1.0473
2009/8/11,1.0327
2009/8/12,0.8906
2009/8/13,0.8918
2009/8/14,0.8827
2009/8/17,0.8935
2009/8/18,0.8706
2009/8/19,0.834
2009/8/20,0.8285
2009/8/21,0.826
2009/8/24,0.791
2009/8/25,0.7293
2009/8/26,0.731
2009/8/27,0.7443
2009/8/28,0.7468
2009/8/31,0.7335
2009/9/1,0.7352
2009/9/2,0.8206
2009/9/3,0.8293
2009/9/4,0.8343
2009/9/7,0.831
2009/9/8,0.8323
2009/9/9,0.8285
2009/9/10,0.8252
2009/9/11,0.8293
2009/9/14,0.8273
2009/9/15,0.8658
2009/9/16,0.9285
2009/9/17,0.9835
2009/9/18,0.9943
2009/9/21,0.9935
2009/9/22,1.0035
2009/9/23,1.0293
2009/9/24,1.0373
2009/9/25,1.0493
2009/9/27,1.0448
2009/9/28,1.0506
2009/9/29,1.0571
2009/9/30,1.0671
2009/10/9,1.0771
2009/10/10,1.0781
2009/10/12,1.0481
2009/10/13,1.0452
2009/10/14,1.0435
2009/10/15,1.0448
2009/10/16,1.0418
2009/10/19,1.0364
2009/10/20,1.0064
2009/10/21,0.976
2009/10/22,0.9727
2009/10/23,0.9677
2009/10/26,0.9568
2009/10/27,0.9277
2009/10/28,0.9256
2009/10/29,0.9225
2009/10/30,0.9189
2009/11/2,0.9168
2009/11/3,0.9177
2009/11/4,0.9227
2009/11/5,0.9939
2009/11/6,0.9956
2009/11/9,0.9868
2009/11/10,1.0142
2009/11/11,1.0068
2009/11/12,1.0085
2009/11/13,0.9981
2009/11/16,0.9914
2009/11/17,0.981
2009/11/18,0.9756
2009/11/19,0.9748
2009/11/20,0.9735
2009/11/23,0.9698
2009/11/24,0.9668
2009/11/25,0.9689
2009/11/26,0.9673
2009/11/27,0.9681
2009/11/30,0.9702
2009/12/1,1.0335
2009/12/2,1.0264
2009/12/3,1.0143
2009/12/4,0.9993
2009/12/7,0.9908
2009/12/8,0.9864
2009/12/9,0.9781
2009/12/10,0.9685
2009/12/11,0.9573
2009/12/14,0.9543
2009/12/15,0.9477
2009/12/16,0.9435
2009/12/17,0.946
2009/12/18,0.9479
2009/12/21,0.9423
2009/12/22,0.9339
2009/12/23,0.9364
2009/12/24,0.9364
2009/12/25,0.931
2009/12/28,0.9339
2009/12/29,0.9302
2009/12/30,0.9298
2009/12/31,0.9277
2010/1/4,0.8985
2010/1/5,0.896
2010/1/6,0.8993
2010/1/7,0.8607
2010/1/8,0.8418
2010/1/11,0.8281
2010/1/12,0.8146
2010/1/13,0.8664
2010/1/14,0.8285
2010/1/15,0.8093
2010/1/18,0.8081
2010/1/19,0.8081
2010/1/20,0.8085
2010/1/21,0.8093
2010/1/22,0.8233
2010/1/25,0.9689
2010/1/26,0.9768
2010/1/27,1.096
2010/1/28,1.1398
2010/1/29,1.1402
2010/2/1,1.1356
2010/2/2,1.1385
2010/2/3,1.1377
2010/2/4,1.1385
2010/2/5,1.1393
2010/2/8,1.1377
2010/2/9,1.186
2010/2/10,1.2802
2010/2/11,1.3802
2010/2/12,1.3332
2010/2/20,1.2832
2010/2/21,1.2032
2010/2/22,1.153
2010/2/23,1.1538
2010/2/24,1.1592
2010/2/25,1.1738
2010/2/26,1.1532
2010/3/1,1.1512
2010/3/2,1.1479
2010/3/3,1.1312
2010/3/4,1.1254
2010/3/5,1.1079
2010/3/8,1.1022
2010/3/9,1.09
2010/3/10,1.0829
2010/3/11,1.08
2010/3/12,1.0683
2010/3/15,1.0612
2010/3/16,1.0591
2010/3/17,1.0533
2010/3/18,1.0504
2010/3/19,1.0496
2010/3/22,1.0421
2010/3/23,1.0404
2010/3/24,1.0391
2010/3/25,1.0354
2010/3/26,1.0313
2010/3/29,1.0296
2010/3/30,1.0217
2010/3/31,1.0659
2010/4/1,1.0316
2010/4/2,1.0396
2010/4/6,1.0367
2010/4/7,1.0242
2010/4/8,1.0196
2010/4/9,1.0184
2010/4/12,1.0113
2010/4/13,1.0104
2010/4/14,1.0109
2010/4/15,1.0084
2010/4/16,1.0145
2010/4/19,1.0146
2010/4/20,1.0167
2010/4/21,1.0188
2010/4/22,1.0183
2010/4/23,1.0138
2010/4/26,1.0146
2010/4/27,1.0569
2010/4/28,1.0675
2010/4/29,1.0779
2010/4/30,1.1223
2010/5/4,1.1229
2010/5/5,1.1343
2010/5/6,1.1338
2010/5/7,1.1338
2010/5/10,1.2304
2010/5/11,1.2292
2010/5/12,1.2258
2010/5/13,1.2233
2010/5/14,1.225
2010/5/17,1.2683
2010/5/18,1.2688
2010/5/19,1.2704
2010/5/20,1.2752
2010/5/21,1.3838
2010/5/24,1.4675
2010/5/25,1.4737
2010/5/26,1.5758
2010/5/27,1.6562
2010/5/28,1.5462
2010/5/31,1.6274
2010/6/1,1.7502
2010/6/2,1.7748
2010/6/3,1.7507
2010/6/4,1.5709
2010/6/7,1.4411
2010/6/8,1.4686
2010/6/9,1.4727
2010/6/10,1.5623
2010/6/11,1.6061
2010/6/12,1.8326
2010/6/13,1.8165
2010/6/17,1.8073
2010/6/18,1.8415
2010/6/21,1.8565
2010/6/22,1.8736
2010/6/23,1.8681
2010/6/24,1.934
2010/6/25,1.9206
2010/6/28,1.9156
2010/6/29,1.9058
2010/6/30,1.8956
2010/7/1,1.8765
2010/7/2,1.8215
2010/7/5,1.7923
2010/7/6,1.784
2010/7/7,1.7564
2010/7/8,1.6115
2010/7/9,1.3479
2010/7/12,1.3189
2010/7/13,1.2752
2010/7/14,1.1459
2010/7/15,1.0881
2010/7/16,1.0706
2010/7/19,1.0715
2010/7/20,1.1036
2010/7/21,1.1002
2010/7/22,1.0756
2010/7/23,1.0548
2010/7/26,1.0952
2010/7/27,1.0677
2010/7/28,1.0706
2010/7/29,1.0719
2010/7/30,1.0969
2010/8/2,1.0969
2010/8/3,1.0948
2010/8/4,1.0897
2010/8/5,1.0846
2010/8/6,1.0795
2010/8/9,1.0744
2010/8/10,1.0693
2010/8/11,1.0642
2010/8/12,1.0591
2010/8/13,1.0591
2010/8/16,1.0579
2010/8/17,1.0579
2010/8/18,1.0808
2010/8/19,1.1066
2010/8/20,1.1241
2010/8/23,1.1416
2010/8/24,1.162
2010/8/25,1.2066
2010/8/26,1.2966
2010/8/27,1.3978
2010/8/30,1.422
2010/8/31,1.4887
2010/9/1,1.5424
2010/9/2,1.45
2010/9/3,1.4486
2010/9/6,1.4423
2010/9/7,1.3759
2010/9/8,1.2413
2010/9/9,1.2301
2010/9/10,1.2168
2010/9/13,1.2064
2010/9/14,1.2235
2010/9/15,1.2943
2010/9/16,1.2835
2010/9/17,1.1451
2010/9/19,1.0777
2010/9/20,1.2693
2010/9/21,1.4316
2010/9/25,1.5218
2010/9/26,1.3982
2010/9/27,1.337
2010/9/28,1.4061
2010/9/29,1.3713
2010/9/30,1.4564
2010/10/8,1.3699
2010/10/9,1.3696
2010/10/11,1.308
2010/10/12,1.2772
2010/10/13,1.2755
2010/10/14,1.2584
2010/10/15,1.2322
2010/10/18,1.2343
2010/10/19,1.2326
2010/10/20,1.2355
2010/10/21,1.231
2010/10/22,1.2301
2010/10/25,1.2226
2010/10/26,1.168
2010/10/27,1.163
2010/10/28,1.1635
2010/10/29,1.2244
2010/11/1,1.2235
2010/11/2,1.219
2010/11/3,1.214
2010/11/4,1.1994
2010/11/5,1.1727
2010/11/8,1.169
2010/11/9,1.161
2010/11/10,1.151
2010/11/11,1.1522
2010/11/12,1.158
2010/11/15,1.2243
2010/11/16,1.283
2010/11/17,1.3614
2010/11/18,1.4351
2010/11/19,1.451
2010/11/22,1.5922
2010/11/23,1.6137
2010/11/24,1.5377
2010/11/25,1.5235
2010/11/26,1.5247
2010/11/29,1.5539
2010/11/30,1.7622
2010/12/1,1.8622
2010/12/2,1.8694
2010/12/3,1.6304
2010/12/6,1.5122
2010/12/7,1.618
2010/12/8,1.7301
2010/12/9,1.6414
2010/12/10,1.643
2010/12/13,1.6389
2010/12/14,1.6307
2010/12/15,1.648
2010/12/16,1.633
2010/12/17,1.6276
2010/12/20,1.7357
2010/12/21,1.9843
2010/12/22,2.1855
2010/12/23,2.8872
2010/12/24,3.2905
2010/12/27,3.4153
2010/12/28,3.5028
2010/12/29,3.6662
2010/12/30,4.007
2010/12/31,3.4291
2011/1/4,2.3582
2011/1/5,2.1074
2011/1/6,1.6078
2011/1/7,1.5474
2011/1/10,1.527
2011/1/11,1.497
2011/1/12,1.4795
2011/1/13,1.4327
2011/1/14,1.4387
2011/1/17,1.4428
2011/1/18,1.5141
2011/1/19,2.1445
2011/1/20,2.7607
2011/1/21,2.7766
2011/1/24,2.7732
2011/1/25,4.0366
2011/1/26,4.5932
2011/1/27,4.8321
2011/1/28,4.8316
2011/1/30,5.1157
2011/1/31,3.6311
2011/2/1,2.5188
2011/2/9,2.8533
2011/2/10,2.2055
2011/2/11,2.2147
2011/2/12,2.0697
2011/2/14,1.7847
2011/2/15,1.7847
2011/2/16,1.7755
2011/2/17,1.6614
2011/2/18,1.5822
2011/2/21,1.653
2011/2/22,1.4914
2011/2/23,1.4697
2011/2/24,1.7639
2011/2/25,2.1775
2011/2/28,1.853
2011/3/1,1.6622
2011/3/2,1.493
2011/3/3,1.4166
2011/3/4,1.368
2011/3/7,1.2605
2011/3/8,1.1664
2011/3/9,1.1622
2011/3/10,1.1539
2011/3/11,1.1605
2011/3/14,1.1622
2011/3/15,1.1551
2011/3/16,1.153
2011/3/17,1.1459
2011/3/18,1.1418
2011/3/21,1.3968
2011/3/22,1.3884
2011/3/23,1.3718
2011/3/24,1.3516
2011/3/25,1.3401
2011/3/28,1.2609
2011/3/29,1.2609
2011/3/30,1.2584
2011/3/31,1.2718
2011/4/1,1.2648
2011/4/2,1.2528
2011/4/6,1.2555
2011/4/7,1.2443
2011/4/8,1.2389
2011/4/11,1.2297
2011/4/12,1.2178
2011/4/13,1.2087
2011/4/14,1.2064
2011/4/15,1.2008
2011/4/18,1.2355
2011/4/19,1.2363
2011/4/20,1.2303
2011/4/21,2.1185
2011/4/22,1.8906
2011/4/25,1.6997
2011/4/26,1.6915
2011/4/27,1.3635
2011/4/28,1.3644
2011/4/29,1.8394
2011/5/3,1.8927
2011/5/4,1.8569
2011/5/5,1.4544
2011/5/6,1.454
2011/5/9,1.5802
2011/5/10,1.5702
2011/5/11,1.5608
2011/5/12,1.546
2011/5/13,1.5494
2011/5/16,1.551
2011/5/17,1.5594
2011/5/18,2.6094
2011/5/19,2.6769
2011/5/20,2.7752
2011/5/23,2.771
2011/5/24,3.009
2011/5/25,3.2702
2011/5/26,3.1243
2011/5/27,2.1158
2011/5/30,1.9727
2011/5/31,2.6193
2011/6/1,2.2703
2011/6/2,2.1697
2011/6/3,1.9311
2011/6/7,2.4228
2011/6/8,2.7576
2011/6/9,2.8174
2011/6/10,2.8483
2011/6/13,2.8341
2011/6/14,2.8158
2011/6/15,3.3194
2011/6/16,3.3273
2011/6/17,3.3166
2011/6/20,4.8016
2011/6/21,4.9841
2011/6/22,5.3166
2011/6/23,5.1791
2011/6/24,4.8968
2011/6/27,3.9583
2011/6/28,2.902
2011/6/29,2.8816
2011/6/30,2.8449
2011/7/1,2.5763
2011/7/4,2.2631
2011/7/5,2.7612
2011/7/6,2.7183
2011/7/7,2.5929
2011/7/8,2.6211
2011/7/11,2.4572
2011/7/12,1.9297
2011/7/13,2.4397
2011/7/14,3.3089
2011/7/15,2.9555
2011/7/18,2.7239
2011/7/19,3.5172
2011/7/20,3.8255
2011/7/21,4.508
2011/7/22,4.3839
2011/7/25,4.228
2011/7/26,3.7022
2011/7/27,3.2355
2011/7/28,2.7239
2011/7/29,2.5689
2011/8/1,2.1135
2011/8/2,1.8993
2011/8/3,1.9005
2011/8/4,1.9314
2011/8/5,1.9047
2011/8/8,1.8249
2011/8/9,1.8331
2011/8/10,2.1388
2011/8/11,1.8401
2011/8/12,1.8905
2011/8/15,1.9455
2011/8/16,2.0834
2011/8/17,2.0955
2011/8/18,2.5388
2011/8/19,2.7855
2011/8/22,3.1263
2011/8/23,3.3269
2011/8/24,2.8646
2011/8/25,2.434
2011/8/26,2.3198
2011/8/29,2.2613
2011/8/30,2.5271
2011/8/31,2.4501
2011/9/1,2.5155
2011/9/2,2.5771
2011/9/5,2.9855
2011/9/6,2.0938
2011/9/7,2.1509
2011/9/8,2.2021
2011/9/9,2.1371
2011/9/13,2.0488
2011/9/14,2.0538
2011/9/15,2.2896
2011/9/16,2.2863
2011/9/19,2.574
2011/9/20,2.8938
2011/9/21,2.8309
2011/9/22,2.6005
2011/9/23,2.3905
2011/9/26,2.1921
2011/9/27,3.1513
2011/9/28,3.088
2011/9/29,2.9684
2011/9/30,3.3085
2011/10/8,3.2764
2011/10/9,2.9802
2011/10/10,2.6077
2011/10/11,2.419
2011/10/12,2.2723
2011/10/13,2.2415
2011/10/14,2.1573
2011/10/17,2.0848
2011/10/18,2.1081
2011/10/19,2.1736
2011/10/20,2.2873
2011/10/21,2.3511
2011/10/24,2.3423
2011/10/25,2.6089
2011/10/26,3.0089
2011/10/27,3.0881
2011/10/28,3.4435
2011/10/31,3.3419
2011/11/1,2.6456
2011/11/2,2.4395
2011/11/3,2.4331
2011/11/4,2.4331
2011/11/7,2.4364
2011/11/8,2.4548
2011/11/9,2.4598
2011/11/10,2.4685
2011/11/11,2.1664
2011/11/14,2.2419
2011/11/15,2.2556
2011/11/16,2.2681
2011/11/17,2.4223
2011/11/18,2.5556
2011/11/21,2.5994
2011/11/22,2.8303
2011/11/23,2.9528
2011/11/24,2.9428
2011/11/25,3.0153
2011/11/28,2.7036
2011/11/29,2.4047
2011/11/30,2.4211
2011/12/1,1.9736
2011/12/2,1.9684
2011/12/5,1.8528
2011/12/6,1.8465
2011/12/7,1.8657
2011/12/8,1.8557
2011/12/9,1.8861
2011/12/12,1.9436
2011/12/13,1.9474
2011/12/14,1.9119
2011/12/15,1.9444
2011/12/16,1.8019
2011/12/19,1.8024
2011/12/20,1.8036
2011/12/21,1.8044
2011/12/22,1.8411
2011/12/23,1.8453
2011/12/26,1.9053
2011/12/27,1.9836
2011/12/28,2.3263
2011/12/29,2.3236
2011/12/30,2.3128
2011/12/31,2.8436
2012/1/4,2.3431
2012/1/5,2.8456
2012/1/6,2.8435
2012/1/9,2.8456
2012/1/10,2.5389
2012/1/11,2.0856
2012/1/12,2.3206
2012/1/13,2.7077
2012/1/16,3.0439
2012/1/17,4.2381
2012/1/18,5.0381
2012/1/19,3.5689
2012/1/20,2.1489
2012/1/21,2.1406
2012/1/29,1.9706
2012/1/30,1.6292
2012/1/31,1.7389
2012/2/1,1.7364
2012/2/2,1.7389
2012/2/3,1.6956
2012/2/6,1.5464
2012/2/7,1.5481
2012/2/8,1.5381
2012/2/9,1.5381
2012/2/10,1.6681
2012/2/13,1.6697
2012/2/14,1.9787
2012/2/15,1.9889
2012/2/16,2.5739
2012/2/17,3.0705
2012/2/20,3.0539
2012/2/21,3.1064
2012/2/22,2.9789
2012/2/23,3.0394
2012/2/24,2.8774
2012/2/27,2.0623
2012/2/28,1.7309
2012/2/29,1.6425
2012/3/1,1.5559
2012/3/2,1.5784
2012/3/5,1.4957
2012/3/6,1.3646
2012/3/7,1.3646
2012/3/8,1.3638
2012/3/9,1.358
2012/3/12,1.355
2012/3/13,1.4667
2012/3/14,1.4631
2012/3/15,1.5969
2012/3/16,1.6775
2012/3/19,1.6942
2012/3/20,1.7984
2012/3/21,1.847
2012/3/22,1.9975
2012/3/23,2.0117
2012/3/26,1.9834
2012/3/27,1.8475
2012/3/28,1.9342
2012/3/29,1.9
2012/3/30,1.9759
2012/3/31,1.9725
2012/4/1,1.9384
2012/4/5,2.3025
2012/4/6,2.528
2012/4/9,2.2117
2012/4/10,2.2938
2012/4/11,2.2967
2012/4/12,2.3467
2012/4/13,2.5708
2012/4/16,2.468
2012/4/17,2.1783
2012/4/18,2.1762
2012/4/19,2.3772
2012/4/20,2.578
2012/4/23,2.5047
2012/4/24,2.3942
2012/4/25,2.6437
2012/4/26,2.5838
2012/4/27,2.433
2012/4/28,1.9447
2012/5/2,1.9847
2012/5/3,2.103
2012/5/4,2.1054
2012/5/7,2.1105
2012/5/8,1.6163
2012/5/9,1.543
2012/5/10,1.5146
2012/5/11,1.5129
2012/5/14,1.1601
2012/5/15,1.1105
2012/5/16,1.0654
2012/5/17,1.0494
2012/5/18,1.0654
2012/5/21,1.0522
2012/5/22,1.0588
2012/5/23,1.083
2012/5/24,1.1213
2012/5/25,1.1396
2012/5/28,1.1497
2012/5/29,1.1422
2012/5/30,1.1438
2012/5/31,1.1168
2012/6/1,1.133
2012/6/4,1.1563
2012/6/5,1.2363
2012/6/6,1.4397
2012/6/7,1.6388
2012/6/8,1.6413
2012/6/11,1.5576
2012/6/12,1.6247
2012/6/13,1.7318
2012/6/14,1.7863
2012/6/15,1.7972
2012/6/18,1.7768
2012/6/19,1.9288
2012/6/20,2.2222
2012/6/21,2.5347
2012/6/25,2.5954
2012/6/26,2.8221
2012/6/27,2.4413
2012/6/28,2.4929
2012/6/29,2.5454
2012/7/2,2.5538
2012/7/3,2.1922
2012/7/4,1.5654
2012/7/5,1.5472
2012/7/6,1.2947
2012/7/9,1.2883
2012/7/10,1.2723
2012/7/11,1.2914
2012/7/12,1.3336
2012/7/13,1.4239
2012/7/16,1.402
2012/7/17,1.5771
2012/7/18,1.8788
2012/7/19,1.9304
2012/7/20,2.0717
2012/7/23,2.2722
2012/7/24,1.8964
2012/7/25,1.6259
2012/7/26,1.6047
2012/7/27,1.5446
2012/7/30,1.4729
2012/7/31,1.543
2012/8/1,1.5639
2012/8/2,1.4821
2012/8/3,1.448
2012/8/6,1.423
2012/8/7,1.4791
2012/8/8,1.4929
2012/8/9,1.5438
2012/8/10,1.6039
2012/8/13,1.3788
2012/8/14,1.6197
2012/8/15,2.0563
2012/8/16,2.0389
2012/8/17,2.1196
2012/8/20,2.2971
2012/8/21,2.4346
2012/8/22,2.0247
2012/8/23,1.9997
2012/8/24,1.643
2012/8/27,1.6422
2012/8/28,1.6448
2012/8/29,1.5438
2012/8/30,1.3284
2012/8/31,1.0103
2012/9/3,0.9947
2012/9/4,0.9521
2012/9/5,1.0821
2012/9/6,1.0683
2012/9/7,1.0699
2012/9/10,1.2438
2012/9/11,1.4439
2012/9/12,1.543
2012/9/13,1.6279
2012/9/14,1.6178
2012/9/17,1.6596
2012/9/18,1.8664
2012/9/19,2.4455
2012/9/20,2.9439
2012/9/21,3.2339
2012/9/24,3.3338
2012/9/25,3.4446
2012/9/26,1.9422
2012/9/27,1.9439
2012/9/28,1.6704
2012/9/29,2.4746
2012/10/8,2.9139
2012/10/9,2.5582
2012/10/10,1.8447
2012/10/11,1.6422
2012/10/12,1.6175
2012/10/15,1.2355
2012/10/16,1.4004
2012/10/17,1.4138
2012/10/18,1.3889
2012/10/19,1.3905
2012/10/22,1.4382
2012/10/23,1.5393
2012/10/24,1.958
2012/10/25,1.9038
2012/10/26,2.5096
2012/10/29,3.0538
2012/10/30,2.2531
2012/10/31,2.1497
2012/11/1,2.238
2012/11/2,2.1205
2012/11/5,2.1379
2012/11/6,1.9713
2012/11/7,2.0334
2012/11/8,2.0894
2012/11/9,2.183
2012/11/12,2.0868
2012/11/13,1.8846
2012/11/14,1.8621
2012/11/15,1.8421
2012/11/16,1.8421
2012/11/19,1.7186
2012/11/20,1.8068
2012/11/21,1.8688
2012/11/22,1.8797
2012/11/23,1.8172
2012/11/26,1.8639
2012/11/27,1.8755
2012/11/28,1.8797
2012/11/29,1.8295
2012/11/30,1.7179
2012/12/3,1.7227
2012/12/4,1.7147
2012/12/5,1.7646
2012/12/6,1.7545
2012/12/7,1.8149
2012/12/10,1.8137
2012/12/11,1.8547
2012/12/12,1.8647
2012/12/13,1.8793
2012/12/14,1.8606
2012/12/17,1.8606
2012/12/18,1.8846
2012/12/19,1.8321
2012/12/20,2.0426
2012/12/21,1.8247
2012/12/24,1.7047
2012/12/25,1.7047
2012/12/26,1.7076
2012/12/27,1.6971
2012/12/28,1.6906
2012/12/31,3.2706
2013/1/4,1.9617
2013/1/5,1.7086
2013/1/6,1.6036
2013/1/7,1.5575
2013/1/8,1.5496
2013/1/9,1.5116
2013/1/10,1.5127
2013/1/11,1.5086
2013/1/14,1.4827
2013/1/15,1.5096
2013/1/16,1.4257
2013/1/17,1.3336
2013/1/18,1.2336
2013/1/21,1.1626
2013/1/22,1.1316
2013/1/23,1.1456
2013/1/24,1.2711
2013/1/25,1.3076
2013/1/28,1.3046
2013/1/29,1.3046
2013/1/30,1.3046
2013/1/31,1.5146
2013/2/1,1.8792
2013/2/4,2.0377
2013/2/5,2.4546
2013/2/6,2.8006
2013/2/7,2.851
2013/2/8,1.9196
2013/2/16,1.1846
2013/2/17,1.1036
2013/2/18,1.0706
2013/2/19,1.074
2013/2/20,1.0845
2013/2/21,1.2227
2013/2/22,1.4046
2013/2/25,1.5407
2013/2/26,2.8447
2013/2/27,3.0866
2013/2/28,3.1656
2013/3/1,3.2906
2013/3/4,2.4481
2013/3/5,2.1727
2013/3/6,2.0127
2013/3/7,1.6407
2013/3/8,1.6227
2013/3/11,1.3862
2013/3/12,1.2497
2013/3/13,1.2267
2013/3/14,1.2117
2013/3/15,1.2486
2013/3/18,1.7386
2013/3/19,1.5127
2013/3/20,1.2657
2013/3/21,1.1726
2013/3/22,1.0917
2013/3/25,1.0187
2013/3/26,1.0587
2013/3/27,1.1757
2013/3/28,1.2347
2013/3/29,2.1686
2013/4/1,1.4762
2013/4/2,1.5036
2013/4/3,1.5776
2013/4/7,1.5177
2013/4/8,1.6654
2013/4/9,1.6247
2013/4/10,1.6082
2013/4/11,1.5516
2013/4/12,1.5085
2013/4/15,1.538
2013/4/16,1.5016
2013/4/17,1.4985
2013/4/18,1.6926
2013/4/19,1.9877
2013/4/22,2.1216
2013/4/23,2.4546
2013/4/24,2.7274
2013/4/25,2.9574
2013/4/26,1.6664
2013/4/27,1.6824
2013/4/28,1.6764
2013/5/2,1.6464
2013/5/3,1.8464
2013/5/6,1.8264
2013/5/7,1.5064
2013/5/8,1.4564
2013/5/9,1.5564
2013/5/10,1.5864
2013/5/13,1.6037
2013/5/14,1.6864
2013/5/15,1.6909
2013/5/16,2.1484
2013/5/17,2.2903
2013/5/20,2.4034
2013/5/21,2.8064
2013/5/22,2.8704
2013/5/23,2.9274
2013/5/24,2.7504
2013/5/27,2.8064
2013/5/28,2.5964
2013/5/29,2.2964
2013/5/30,2.6364
2013/5/31,3.7474
2013/6/3,3.8154
2013/6/4,3.7334
2013/6/5,3.8394
2013/6/6,5.1984
2013/6/7,7.5104
2013/6/8,8.4974
2013/6/9,6.2064
2013/6/13,5.2074
2013/6/14,5.4844
2013/6/17,3.3294
2013/6/18,4.1124
2013/6/19,6.1764
2013/6/20,11.9604
2013/6/21,7.0084
2013/6/24,5.0054
2013/6/25,4.2524
2013/6/26,4.0694
2013/6/27,4.0774
2013/6/28,3.4574
2013/7/1,2.9724
2013/7/2,2.6024
2013/7/3,2.5164
2013/7/4,2.4644
2013/7/5,2.4964
2013/7/8,2.4724
2013/7/9,2.4654
2013/7/10,2.5674
2013/7/11,2.7711
2013/7/12,2.8164
2013/7/15,2.8162
2013/7/16,2.5294
2013/7/17,2.4844
2013/7/18,2.5144
2013/7/19,2.5264
2013/7/22,2.5899
2013/7/23,2.6219
2013/7/24,2.7164
2013/7/25,2.8359
2013/7/26,2.9362
2013/7/29,3.0127
2013/7/30,2.9506
2013/7/31,2.9587
2013/8/1,2.8087
2013/8/2,2.5136
2013/8/5,2.3596
2013/8/6,2.3596
2013/8/7,2.3602
2013/8/8,2.4237
2013/8/9,2.1737
2013/8/12,2.2241
2013/8/13,2.485
2013/8/14,2.6946
2013/8/15,2.5426
2013/8/16,2.4687
2013/8/19,2.6627
2013/8/20,3.1137
2013/8/21,2.7766
2013/8/22,2.6167
2013/8/23,2.5247
2013/8/26,2.2966
2013/8/27,2.2657
2013/8/28,2.3577
2013/8/29,2.2167
2013/8/30,2.2936
2013/9/2,2.2785
2013/9/3,2.2603
2013/9/4,2.2647
2013/9/5,2.1497
2013/9/6,2.2097
2013/9/9,2.1797
2013/9/10,2.1551
2013/9/11,2.2736
2013/9/12,2.2267
2013/9/13,2.2387
2013/9/16,2.2676
2013/9/17,2.6527
2013/9/18,2.7167
2013/9/22,2.7327
2013/9/23,2.9746
2013/9/24,2.7741
2013/9/25,2.5066
2013/9/26,2.2717
2013/9/27,2.3073
2013/9/29,2.3096
2013/9/30,2.2857
2013/10/8,2.2116
2013/10/9,2.3916
2013/10/10,2.4876
2013/10/11,2.2596
2013/10/12,2.1867
2013/10/14,2.2727
2013/10/15,2.2766
2013/10/16,2.2146
2013/10/17,2.1976
2013/10/18,2.1607
2013/10/21,2.2197
2013/10/22,2.2116
2013/10/23,2.9897
2013/10/24,3.2977
2013/10/25,3.4767
2013/10/28,3.5436
2013/10/29,3.5557
2013/10/30,3.9397
2013/10/31,3.2996
2013/11/1,3.1979
2013/11/4,3.0568
2013/11/5,2.8744
2013/11/6,2.6196
2013/11/7,2.6897
2013/11/8,2.7206
2013/11/11,2.5596
2013/11/12,2.4387
2013/11/13,2.4957
2013/11/14,3.3477
2013/11/15,3.6137
2013/11/18,3.6727
2013/11/19,3.2347
2013/11/20,3.2167
2013/11/21,3.0487
2013/11/22,3.0587
2013/11/25,3.0067
2013/11/26,2.9057
2013/11/27,2.9237
2013/11/28,2.9057
2013/11/29,2.8857
2013/12/2,2.9077
2013/12/3,2.8847
2013/12/4,2.8832
2013/12/5,2.8627
2013/12/6,2.8597
2013/12/9,2.7797
2013/12/10,2.7797
2013/12/11,2.7317
2013/12/12,2.6817
2013/12/13,2.6538
2013/12/16,2.6687
2013/12/17,2.6917
2013/12/18,2.8097
2013/12/19,2.8677
2013/12/20,2.9487
2013/12/23,3.2367
2013/12/24,2.8667
2013/12/25,2.7717
2013/12/26,2.7227
2013/12/27,2.2347
2013/12/30,1.9267
2013/12/31,1.8697
2014/1/2,2.0697
2014/1/3,2.0447
2014/1/6,1.9587
2014/1/7,1.9587
2014/1/8,1.9587
2014/1/9,1.9587
2014/1/10,1.9587
2014/1/13,1.9587
2014/1/14,1.9602
2014/1/15,1.972
2014/1/16,1.993
2014/1/17,2.0377
2014/1/20,2.6087
2014/1/21,2.3617
2014/1/22,2.3967
2014/1/23,2.4207
2014/1/24,2.44
2014/1/26,3.1207
2014/1/27,3.2547
2014/1/28,3.5684
2014/1/29,3.5207
2014/1/30,3.1557
2014/2/7,2.9907
2014/2/8,2.9707
2014/2/10,3.0242
2014/2/11,2.8577
2014/2/12,2.7457
2014/2/13,2.2897
2014/2/14,1.8487
2014/2/17,1.6217
2014/2/18,1.3907
2014/2/19,1.1137
2014/2/20,0.6917
2014/2/21,0.4747
2014/2/24,0.4107
2014/2/25,0.5307
2014/2/26,0.5607
2014/2/27,0.5607
2014/2/28,0.7565
2014/3/3,1.0957
2014/3/4,1.0937
2014/3/5,1.1007
2014/3/6,1.0654
2014/3/7,1.0055
2014/3/10,0.9797
2014/3/11,0.9797
2014/3/12,1.0067
2014/3/13,1.0667
2014/3/14,0.9832
2014/3/17,0.9757
2014/3/18,1.1567
2014/3/19,1.9092
2014/3/20,2.1177
2014/3/21,1.6067
2014/3/24,1.6067
2014/3/25,1.6067
2014/3/26,1.6267
2014/3/27,1.7647
2014/3/28,1.7967
2014/3/31,1.8467
2014/4/1,1.9127
2014/4/2,1.9967
2014/4/3,1.9967
2014/4/4,1.8097
2014/4/8,1.7597
2014/4/9,1.7867
2014/4/10,1.7867
2014/4/11,1.7967
2014/4/14,1.6957
2014/4/15,1.5257
2014/4/16,1.3947
2014/4/17,1.2777
2014/4/18,1.1767
2014/4/21,1.1567
2014/4/22,1.1029
2014/4/23,1.1397
2014/4/24,1.4797
2014/4/25,1.4867
2014/4/28,1.5827
2014/4/29,1.7807
2014/4/30,1.6767
2014/5/4,1.5767
2014/5/5,1.5467
2014/5/6,1.5467
2014/5/7,1.5467
2014/5/8,1.4067
2014/5/9,1.3972
2014/5/12,1.3902
2014/5/13,1.5267
2014/5/14,1.5433
2014/5/15,1.5267
2014/5/16,1.5467
2014/5/19,1.5727
2014/5/20,1.6037
2014/5/21,1.6047
2014/5/22,1.5867
2014/5/23,1.6067
2014/5/26,1.5792
2014/5/27,1.6177
2014/5/28,1.5867
2014/5/29,1.5867
2014/5/30,1.6467
2014/6/3,1.5977
2014/6/4,1.6377
2014/6/5,1.6827
2014/6/6,1.6875
2014/6/9,1.7067
2014/6/10,1.6967
2014/6/11,1.7187
2014/6/12,1.7237
2014/6/13,1.7267
2014/6/16,1.7267
2014/6/17,1.7267
2014/6/18,1.7657
2014/6/19,1.8247
2014/6/20,1.8857
2014/6/23,1.8817
2014/6/24,2.0977
2014/6/25,2.1217
2014/6/26,2.1007
2014/6/27,2.0117
2014/6/30,2.0397
2014/7/1,2.1437
2014/7/2,2.1467
2014/7/3,2.0867
2014/7/4,2.0667
2014/7/7,2.0787
2014/7/8,2.3797
2014/7/9,2.4777
2014/7/10,2.4267
2014/7/11,2.4117
2014/7/14,2.3817
2014/7/15,2.3447
2014/7/16,2.3739
2014/7/17,2.3732
2014/7/18,2.3717
2014/7/21,2.4447
2014/7/22,2.3797
2014/7/23,2.4217
2014/7/24,2.4397
2014/7/25,2.4947
2014/7/28,2.5007
2014/7/29,2.497
2014/7/30,2.5469
2014/7/31,2.5507
2014/8/1,2.5927
2014/8/4,2.5787
2014/8/5,2.5417
2014/8/6,2.4477
2014/8/7,2.4367
2014/8/8,2.3977
2014/8/11,2.3517
2014/8/12,2.3127
2014/8/13,2.2887
2014/8/14,2.2847
2014/8/15,2.2857
2014/8/18,2.2547
2014/8/19,2.2317
2014/8/20,2.2297
2014/8/21,2.2447
2014/8/22,2.2397
2014/8/25,2.2877
2014/8/26,2.3197
2014/8/27,2.3877
2014/8/28,2.4027
2014/8/29,2.4347
2014/9/1,2.4327
2014/9/2,2.3737
2014/9/3,2.3507
2014/9/4,2.3417
2014/9/5,2.3337
2014/9/9,2.3427
2014/9/10,2.3657
2014/9/11,2.3857
2014/9/12,2.3797
2014/9/15,2.3777
2014/9/16,2.4297
2014/9/17,2.4237
2014/9/18,2.4177
2014/9/19,2.4167
2014/9/22,2.3737
2014/9/23,2.2927
2014/9/24,2.2677
2014/9/25,2.2537
2014/9/26,2.2847
2014/9/28,2.2647
2014/9/29,2.1497
2014/9/30,2.1392
2014/10/8,2.1467
2014/10/9,2.169
2014/10/10,2.1732
2014/10/11,2.1507
2014/10/13,2.2327
2014/10/14,2.2347
2014/10/15,2.1947
2014/10/16,2.1707
2014/10/17,2.1577
2014/10/20,2.1247
2014/10/21,2.1117
2014/10/22,2.1157
2014/10/23,2.1197
2014/10/24,2.1419
2014/10/27,2.1419
2014/10/28,2.1207
2014/10/29,2.1177
2014/10/30,2.1237
2014/10/31,2.1287
2014/11/3,2.1177
2014/11/4,2.1117
2014/11/5,2.1117
2014/11/6,2.1277
2014/11/7,2.1387
2014/11/10,2.1087
2014/11/11,2.0627
2014/11/12,2.0527
2014/11/13,2.0427
2014/11/14,2.0557
2014/11/17,2.0787
2014/11/18,2.0727
2014/11/19,2.0737
2014/11/20,2.1087
2014/11/21,2.1557
2014/11/24,2.1237
2014/11/25,2.1287
2014/11/26,2.1427
2014/11/27,2.1537
2014/11/28,2.1777
2014/12/1,2.2157
2014/12/2,2.2127
2014/12/3,2.2037
2014/12/4,2.2017
2014/12/5,2.1977
2014/12/8,2.2107
2014/12/9,2.3597
2014/12/10,2.3757
2014/12/11,2.3787
2014/12/12,2.3837
2014/12/15,2.3837
2014/12/16,2.3837
2014/12/17,2.4817
2014/12/18,2.8457
2014/12/19,2.9717
2014/12/22,3.0677
2014/12/23,3.0327
2014/12/24,2.9717
2014/12/25,2.9147
2014/12/26,2.8517
2014/12/29,2.7807
2014/12/30,2.7457
2014/12/31,2.7937
2015/1/4,2.9057
2015/1/5,2.6867
2015/1/6,2.2977
2015/1/7,2.2977
2015/1/8,2.2467
2015/1/9,2.2467
2015/1/12,2.1947
2015/1/13,2.1747
2015/1/14,2.1437
2015/1/15,2.1387
2015/1/16,2.1407
2015/1/19,2.1477
2015/1/20,2.1747
2015/1/21,2.1957
2015/1/22,2.1787
2015/1/23,2.1357
2015/1/26,2.0957
2015/1/27,2.0817
2015/1/28,2.0977
2015/1/29,2.1727
2015/1/30,2.2207
2015/2/2,2.2967
2015/2/3,2.3621
2015/2/4,2.3807
2015/2/5,2.2737
2015/2/6,2.2637
2015/2/9,2.2197
2015/2/10,2.2597
2015/2/11,2.3397
2015/2/12,2.4657
2015/2/13,2.4987
2015/2/15,2.5827
2015/2/16,2.5897
2015/2/17,2.8077
2015/2/25,2.7357
2015/2/26,2.7057
2015/2/27,2.7257
2015/2/28,2.7257
2015/3/2,2.7377
2015/3/3,2.7347
2015/3/4,2.7307
2015/3/5,2.7177
2015/3/6,2.7007
2015/3/9,2.6657
2015/3/10,2.6347
2015/3/11,2.6317
2015/3/12,2.7491
2015/3/13,2.7207
2015/3/16,2.6877
2015/3/17,2.6607
2015/3/18,2.6537
2015/3/19,2.6167
2015/3/20,2.5787
2015/3/23,2.5017
2015/3/24,2.5027
2015/3/25,2.4947
2015/3/26,2.5007
2015/3/27,2.4907
2015/3/30,2.4877
2015/3/31,2.4677
2015/4/1,2.3717
2015/4/2,2.2797
2015/4/3,2.1717
2015/4/7,2.0507
2015/4/8,2.0177
2015/4/9,1.9337
2015/4/10,1.8237
2015/4/13,1.7397
2015/4/14,1.7067
2015/4/15,1.7067
2015/4/16,1.7877
2015/4/17,1.8577
2015/4/20,1.6767
2015/4/21,1.5917
2015/4/22,1.5387
2015/4/23,1.4977
2015/4/24,1.4407
2015/4/27,1.3957
2015/4/28,1.3487
2015/4/29,1.3287
2015/4/30,1.2797
2015/5/4,1.2087
2015/5/5,1.1537
2015/5/6,1.1127
2015/5/7,1.1127
2015/5/8,1.1127
2015/5/11,1.0147
2015/5/12,0.9597
2015/5/13,0.9167
2015/5/14,0.8517
2015/5/15,0.7477
2015/5/18,0.7217
2015/5/19,0.7027
2015/5/20,0.7017
2015/5/21,0.7027
2015/5/22,0.7067
2015/5/25,0.7087
2015/5/26,0.7097
2015/5/27,0.7097
2015/5/28,0.7127
2015/5/29,0.8184
2015/6/1,0.8063
2015/6/2,0.8134
2015/6/3,0.8184
2015/6/4,0.8263
2015/6/5,0.8303
2015/6/8,0.8403
2015/6/9,0.8504
2015/6/10,0.5964
2015/6/11,0.6033
2015/6/12,0.6173
2015/6/15,0.6344
2015/6/16,0.6443
2015/6/17,0.6643
2015/6/18,0.8454
2015/6/19,0.9104
2015/6/23,0.9384
2015/6/24,1.1314
2015/6/25,1.1503
2015/6/26,1.1503
2015/6/29,1.1334
2015/6/30,1.0503
2015/7/1,0.9564
2015/7/2,0.9542
2015/7/3,0.9524
2015/7/6,0.9603
2015/7/7,0.9693
2015/7/8,0.9804
2015/7/9,0.9914
2015/7/10,1.0034
2015/7/13,1.0173
2015/7/14,1.0314
2015/7/15,1.0383
2015/7/16,1.0563
2015/7/17,1.0754
2015/7/20,0.9834
2015/7/21,0.9974
2015/7/22,1.0164
2015/7/23,1.0254
2015/7/24,1.0304
2015/7/27,1.0674
2015/7/28,1.0814
2015/7/29,1.0204
2015/7/30,0.9414
2015/7/31,0.8634
2015/8/3,0.8814
2015/8/4,0.8904
2015/8/5,0.9014
2015/8/6,0.9104
2015/8/7,0.9224
2015/8/10,0.9504
2015/8/11,0.9794
2015/8/12,1.0074
2015/8/13,1.0344
2015/8/14,1.0604
2015/8/17,1.0944
2015/8/18,1.1384
2015/8/19,1.1814
2015/8/20,1.2234
2015/8/21,1.2404
2015/8/24,1.2594
2015/8/25,1.2724
2015/8/26,1.1794
2015/8/27,1.2324
2015/8/28,1.2474
2015/8/31,1.6068
2015/9/1,1.6268
2015/9/2,1.8368
2015/9/6,1.7068
2015/9/7,1.7098
2015/9/8,1.7028
2015/9/9,1.6018
2015/9/10,1.5048
2015/9/11,1.4059
2015/9/14,1.4048
2015/9/15,1.4048
2015/9/16,1.4058
2015/9/17,1.4048
2015/9/18,1.4058
2015/9/21,1.4068
2015/9/22,1.4138
2015/9/23,1.4138
2015/9/24,1.4148
2015/9/25,1.4128
2015/9/28,1.4158
2015/9/29,1.4128
2015/9/30,1.4948
2015/10/8,1.5648
2015/10/9,1.5618
2015/10/10,1.5598
2015/10/12,1.5578
2015/10/13,1.5558
2015/10/14,1.5558
2015/10/15,1.5568
2015/10/16,1.5548
2015/10/19,1.5578
2015/10/20,1.5588
2015/10/21,1.5608
2015/10/22,1.5598
2015/10/23,1.5648
2015/10/26,1.4958
2015/10/27,1.4958
2015/10/28,1.4918
2015/10/29,1.4938
2015/10/30,1.4938
2015/11/2,1.4888
2015/11/3,1.4878
2015/11/4,1.4858
2015/11/5,1.4828
2015/11/6,1.4828
2015/11/9,1.4818
2015/11/10,1.4788
2015/11/11,1.4778
2015/11/12,1.5778
2015/11/13,1.5798
2015/11/16,1.5778
2015/11/17,1.5758
2015/11/18,1.5748
2015/11/19,1.5788
2015/11/20,1.5778
2015/11/23,1.5788
2015/11/24,1.5788
2015/11/25,1.5788
2015/11/26,1.5788
2015/11/27,1.5798
2015/11/30,1.5818
2015/12/1,1.5818
2015/12/2,1.5798
2015/12/3,1.6298
2015/12/4,1.638
2015/12/7,1.641
2015/12/8,1.647
2015/12/9,1.646
2015/12/10,1.647
2015/12/11,1.648
2015/12/14,1.646
2015/12/15,1.646
2015/12/16,1.648
2015/12/17,1.651
2015/12/18,1.674
2015/12/21,1.701
2015/12/22,1.733
2015/12/23,1.761
2015/12/24,1.761
2015/12/25,1.771
2015/12/28,1.781
2015/12/29,1.777
2015/12/30,1.777
2015/12/31,1.777
2016/1/4,1.927
2016/1/5,2.027
2016/1/6,2.009
2016/1/7,1.955
2016/1/8,1.947
2016/1/11,1.94
2016/1/12,1.9
2016/1/13,1.9
2016/1/14,1.9
2016/1/15,1.876
2016/1/18,1.874
2016/1/19,1.974
2016/1/20,2.074
2016/1/21,2.1335
2016/1/22,2.1475
2016/1/25,2.1285
2016/1/26,2.1165
2016/1/27,2.1145
2016/1/28,2.1115
2016/1/29,2.1085
2016/2/1,2.0765
2016/2/2,2.0435
2016/2/3,1.9825
2016/2/4,1.8825
2016/2/5,1.7825
2016/2/6,1.8795
2016/2/14,1.6765
2016/2/15,1.6755
2016/2/16,1.6725
2016/2/17,1.6665
2016/2/18,1.6495
2016/2/19,1.6365
2016/2/22,1.6325
2016/2/23,1.7325
2016/2/24,1.7555
2016/2/25,1.8035
2016/2/26,1.8475
2016/2/29,1.8065
2016/3/1,1.7675
2016/3/2,1.7115
2016/3/3,1.7065
2016/3/4,1.6995
2016/3/7,1.7005
2016/3/8,1.6995
2016/3/9,1.6995
2016/3/10,1.6965
2016/3/11,1.7791
2016/3/14,1.7831
2016/3/15,1.7871
2016/3/16,1.7401
2016/3/17,1.7401
2016/3/18,1.8601
2016/3/21,1.7597
2016/3/22,1.8097
2016/3/23,1.8597
2016/3/24,1.9397
2016/3/25,1.9337
2016/3/28,1.9367
2016/3/29,1.9007
2016/3/30,1.9507
2016/3/31,1.9637
2016/4/1,1.8407
2016/4/5,1.7997
2016/4/6,1.7897
2016/4/7,1.785
2016/4/8,1.7867
2016/4/11,1.7417
2016/4/12,1.7497
2016/4/13,1.7527
2016/4/14,1.7557
2016/4/15,1.7217
2016/4/18,1.6947
2016/4/19,1.7507
2016/4/20,1.7647
2016/4/21,1.7757
2016/4/22,1.8847
2016/4/25,1.9117
2016/4/26,1.8027
2016/4/27,1.8407
2016/4/28,1.8877
2016/4/29,1.8157
2016/5/3,1.77
2016/5/4,1.7167
2016/5/5,1.7177
2016/5/6,1.7167
2016/5/9,1.7157
2016/5/10,1.7157
2016/5/11,1.7157
2016/5/12,1.7167
2016/5/13,1.7187
2016/5/16,1.7217
2016/5/17,1.7277
2016/5/18,1.7277
2016/5/19,1.7267
2016/5/20,1.7247
2016/5/23,1.7747
2016/5/24,1.7727
2016/5/25,1.8227
2016/5/26,1.8727
2016/5/27,1.8727
2016/5/30,1.8737
2016/5/31,1.8237
2016/6/1,1.8537
2016/6/2,1.8517
2016/6/3,1.8467
2016/6/6,1.7957
2016/6/7,1.7977
2016/6/8,1.7977
2016/6/12,1.7977
2016/6/13,1.7946
2016/6/14,1.7446
2016/6/15,1.6946
2016/6/16,1.6966
2016/6/17,1.6996
2016/6/20,1.6546
2016/6/21,1.6636
2016/6/22,1.6716
2016/6/23,1.6766
2016/6/24,1.6796
2016/6/27,1.6826
2016/6/28,1.7846
2016/6/29,1.8826
2016/6/30,1.8816
2016/7/1,1.8716
2016/7/4,1.8586
2016/7/5,1.9086
2016/7/6,1.9386
2016/7/7,1.9686
2016/7/8,1.9676
2016/7/11,1.9676
2016/7/12,1.9656
2016/7/13,1.9646
2016/7/14,1.9646
2016/7/15,1.9676
2016/7/18,1.9176
2016/7/19,1.8946
2016/7/20,1.8966
2016/7/21,1.8996
2016/7/22,1.9146
2016/7/25,1.9236
2016/7/26,1.9566
2016/7/27,1.9576
2016/7/28,1.9476
2016/7/29,1.9366
2016/8/1,1.9508
2016/8/2,1.9468
2016/8/3,1.9086
2016/8/4,1.8866
2016/8/5,1.9266
2016/8/8,1.9296
2016/8/9,1.9346
2016/8/10,1.9416
2016/8/11,1.9456
2016/8/12,1.9456
2016/8/15,1.9479
2016/8/16,1.9166
2016/8/17,1.9166
2016/8/18,1.9176
2016/8/19,1.9476
2016/8/22,1.8979
2016/8/23,1.9076
2016/8/24,1.9176
2016/8/25,1.8686
2016/8/26,1.8785
2016/8/29,1.8835
2016/8/30,1.8975
2016/8/31,1.8995
2016/9/1,1.8605
2016/9/2,1.8605
2016/9/5,1.8645
2016/9/6,1.8715
2016/9/7,1.8448
2016/9/8,1.8455
2016/9/9,1.8495
2016/9/12,1.8595
2016/9/13,1.8725
2016/9/14,1.8925
2016/9/18,1.9252
2016/9/19,1.9392
2016/9/20,1.9442
2016/9/21,2.0022
2016/9/22,2.0332
2016/9/23,2.032
2016/9/26,2.0292
2016/9/27,2.0312
2016/9/28,2.0312
2016/9/29,1.9812
2016/9/30,1.9812
2016/10/8,1.8472
2016/10/9,1.8292
2016/10/10,1.8292
2016/10/11,1.8502
2016/10/12,1.8472
2016/10/13,1.8482
2016/10/14,1.8502
2016/10/17,1.8562
2016/10/18,1.8702
2016/10/19,1.9202
2016/10/20,1.9122
2016/10/21,1.9062
2016/10/24,1.9152
2016/10/25,1.9517
2016/10/26,2.0178
2016/10/27,2.0633
2016/10/28,1.9976
2016/10/31,2.0381
2016/11/1,1.9923
2016/11/2,2.0119
2016/11/3,1.947
2016/11/4,1.967
2016/11/7,1.9411
2016/11/8,1.9665
2016/11/9,1.9853
2016/11/10,1.9653
2016/11/11,1.9453
2016/11/14,1.9653
2016/11/15,1.9927
2016/11/16,1.9504
2016/11/17,1.9524
2016/11/18,1.9584
2016/11/21,1.9384
2016/11/22,1.9262
2016/11/23,1.8762
2016/11/24,1.8637
2016/11/25,1.884
2016/11/28,1.984
2016/11/29,2.034
2016/11/30,2.2536
2016/12/1,2.4036
2016/12/2,2.3377
2016/12/5,2.1722
2016/12/6,2.1587
2016/12/7,2.0421
2016/12/8,2.0198
2016/12/9,2.0554
2016/12/12,2.0592
2016/12/13,2.1181
2016/12/14,2.0181
2016/12/15,2.0181
2016/12/16,2.0371
2016/12/19,2.2663
2016/12/20,2.5013
2016/12/21,2.315
2016/12/22,2.2915
2016/12/23,2.2915
2016/12/26,2.3115
2016/12/27,2.2615
2016/12/28,2.2435
2016/12/29,2.2245
2016/12/30,2.1752
2016/12/31,2.1752
2017/1/3,2.1542
2017/1/4,2.1712
2017/1/5,2.1292
2017/1/6,2.0658
2017/1/9,2.0478
2017/1/10,1.9682
2017/1/11,1.8879
2017/1/12,1.8869
2017/1/13,1.8274
2017/1/16,1.8944
2017/1/17,2.1451
2017/1/18,2.2499
2017/1/19,2.2859
2017/1/20,2.2971
2017/1/22,2.1101
2017/1/23,2.0961
2017/1/24,2.2082
2017/1/25,2.217
2017/1/26,2.2343
2017/2/3,2.2909
2017/2/4,2.3466
2017/2/6,2.2466
2017/2/7,2.2631
2017/2/8,2.2731
2017/2/9,2.2731
2017/2/10,2.2424
2017/2/13,2.2324
2017/2/14,2.2194
2017/2/15,2.1694
2017/2/16,2.203
2017/2/17,2.23
2017/2/20,2.2786
2017/2/21,2.3034
2017/2/22,2.3594
2017/2/23,2.3868
2017/2/24,2.3868
2017/2/27,2.345
2017/2/28,2.4042
2017/3/1,2.4816
2017/3/2,2.4484
2017/3/3,2.3563
2017/3/6,2.3063
2017/3/7,2.3216
2017/3/8,2.1768
2017/3/9,2.1622
2017/3/10,2.1081
2017/3/13,1.9616
2017/3/14,1.9116
2017/3/15,2.0116
2017/3/16,2.1002
2017/3/17,2.2922
2017/3/20,2.3476
2017/3/21,2.5465
2017/3/22,2.7523
2017/3/23,2.619
2017/3/24,2.619
2017/3/27,2.619
2017/3/28,2.719
2017/3/29,2.862
2017/3/30,2.8637
2017/3/31,2.8437
2017/4/1,2.7346
2017/4/5,2.7821
2017/4/6,2.7658
2017/4/7,2.7198
2017/4/10,2.6661
2017/4/11,2.6321
2017/4/12,2.6367
2017/4/13,2.4773
2017/4/14,2.3744
2017/4/17,2.3126
2017/4/18,2.3116
2017/4/19,2.3667
2017/4/20,2.5667
2017/4/21,2.5843
2017/4/24,2.516
2017/4/25,2.4913
2017/4/26,2.4946
2017/4/27,2.5476
2017/4/28,2.6174
2017/5/2,2.6504
2017/5/3,2.6764
2017/5/4,2.6789
2017/5/5,2.6718
2017/5/8,2.6976
2017/5/9,2.6594
2017/5/10,2.6696
2017/5/11,2.6247
2017/5/12,2.5309
2017/5/15,2.4558
2017/5/16,2.5368
2017/5/17,2.5669
2017/5/18,2.6032
2017/5/19,2.4927
2017/5/22,2.5427
2017/5/23,2.5009
2017/5/24,2.5218
2017/5/25,2.5852
2017/5/26,2.6053
2017/5/27,2.5863
2017/5/31,2.6474
2017/6/1,2.5848
2017/6/2,2.7276
2017/6/5,2.749
2017/6/6,2.7534
2017/6/7,2.4568
2017/6/8,2.3238
2017/6/9,2.4756
2017/6/12,2.4714
2017/6/13,2.4518
2017/6/14,2.5607
2017/6/15,2.723
2017/6/16,2.7642
2017/6/19,2.8441
2017/6/20,2.8631
2017/6/21,2.8831
2017/6/22,2.9021
2017/6/23,2.9493
2017/6/26,2.9493
2017/6/27,2.9493
2017/6/28,2.917
2017/6/29,2.8133
2017/6/30,2.8293
2017/7/3,2.8801
2017/7/4,2.8494
2017/7/5,2.8494
2017/7/6,2.7642
2017/7/7,2.7067
2017/7/10,2.677
2017/7/11,2.677
2017/7/12,2.6775
2017/7/13,2.6575
2017/7/14,2.6375
2017/7/17,2.6375
2017/7/18,2.7398
2017/7/19,2.8638
2017/7/20,2.9237
2017/7/21,2.8346
2017/7/24,2.8429
2017/7/25,2.8976
2017/7/26,2.9318
2017/7/27,2.8995
2017/7/28,2.8186
2017/7/31,2.6977
2017/8/1,2.7317
2017/8/2,2.7472
2017/8/3,2.6684
2017/8/4,2.5112
2017/8/7,2.4204
2017/8/8,2.3432
2017/8/9,2.3456
2017/8/10,2.3483
2017/8/11,2.3302
2017/8/14,2.3302
2017/8/15,2.3757
2017/8/16,2.3665
2017/8/17,2.4779
2017/8/18,2.4345
2017/8/21,2.4825
2017/8/22,2.5842
2017/8/23,2.4873
2017/8/24,2.4053
2017/8/25,2.3432
2017/8/28,2.3432
2017/8/29,2.6522
2017/8/30,2.7981
2017/8/31,2.843
2017/9/1,2.7307
2017/9/4,2.4586
2017/9/5,2.4269
2017/9/6,2.4364
2017/9/7,2.3983
2017/9/8,2.3839
2017/9/11,2.3943
2017/9/12,2.26
2017/9/13,2.2751
2017/9/14,2.4915
2017/9/15,2.5036
2017/9/18,2.687
2017/9/19,2.7987
2017/9/20,2.9261
2017/9/21,2.9261
2017/9/22,2.8501
2017/9/25,2.8501
2017/9/26,2.9516
2017/9/27,3.0535
2017/9/28,3.2568
2017/9/29,3.1438
2017/9/30,3.2428
2017/10/9,3.0448
2017/10/10,3.0448
2017/10/11,3.0186
2017/10/12,2.9647
2017/10/13,2.8429
2017/10/16,2.7823
2017/10/17,2.56
2017/10/18,2.5154
2017/10/19,2.4862
2017/10/20,2.4532
2017/10/23,2.5824
2017/10/24,2.6919
2017/10/25,2.7784
2017/10/26,2.7784
2017/10/27,2.8029
2017/10/30,2.8213
2017/10/31,3.034
2017/11/1,3.034
2017/11/2,2.9894
2017/11/3,2.7311
2017/11/6,2.6155
2017/11/7,2.6155
2017/11/8,2.6759
2017/11/9,2.7285
2017/11/10,2.7618
2017/11/13,2.8462
2017/11/14,2.8462
2017/11/15,2.8384
2017/11/16,2.8338
2017/11/17,2.7718
2017/11/20,2.8198
2017/11/21,2.8569
2017/11/22,3.0869
2017/11/23,3.2146
2017/11/24,3.1614
2017/11/27,3.1006
2017/11/28,3.0021
2017/11/29,3.0021
2017/11/30,3.0021
2017/12/1,2.8461
2017/12/4,2.5987
2017/12/5,2.5777
2017/12/6,2.5987
2017/12/7,2.5913
2017/12/8,2.6143
2017/12/11,2.6943
2017/12/12,2.5923
2017/12/13,2.6206
2017/12/14,2.6356
2017/12/15,2.5566
2017/12/18,2.5838
2017/12/19,2.6018
2017/12/20,2.6018
2017/12/21,2.5368
2017/12/22,2.4838
2017/12/25,2.4408
2017/12/26,2.4608
2017/12/27,2.5378
2017/12/28,2.5378
2017/12/29,2.5378
2017/12/30,2.5378
2017/12/31,2.5378
2018/1/2,2.3548
2018/1/3,2.2613
2018/1/4,2.2028
2018/1/5,2.1818
2018/1/8,2.2179
2018/1/9,2.2859
2018/1/10,2.3999
2018/1/11,2.5889
2018/1/12,2.5869
2018/1/15,2.5869
2018/1/16,2.8237
2018/1/17,3.1713
2018/1/18,3.2086
2018/1/19,3.2231
2018/1/22,3.0024
2018/1/23,2.8485
2018/1/24,2.8205
2018/1/25,2.7869
2018/1/26,2.7741
2018/1/29,2.7883
2018/1/30,2.7763
2018/1/31,2.8563
2018/2/1,2.6921
2018/2/2,2.6921
2018/2/5,2.6921
2018/2/6,2.6953
2018/2/7,2.6501
2018/2/8,2.6501
2018/2/9,2.6501
2018/2/11,2.6401
2018/2/12,2.6171
2018/2/13,2.6191
2018/2/14,2.6191
2018/2/22,2.6191
2018/2/23,2.5575
2018/2/24,2.5205
2018/2/26,2.5315
2018/2/27,2.5215
2018/2/28,2.6685
2018/3/1,2.6685
2018/3/2,2.7505
2018/3/5,2.7505
2018/3/6,2.7155
2018/3/7,2.6905
2018/3/8,2.6961
2018/3/9,2.6991
2018/3/12,2.7121
2018/3/13,2.7631
2018/3/14,2.7591
2018/3/15,2.7581
2018/3/16,2.5481
2018/3/19,2.5231
2018/3/20,2.5231
2018/3/21,2.5211
2018/3/22,2.5111
2018/3/23,2.5071
2018/3/26,2.3571
2018/3/27,2.4056
2018/3/28,2.3867
2018/3/29,2.8207
2018/3/30,2.9297
2018/4/2,2.8617
2018/4/3,2.799
2018/4/4,2.5849
2018/4/9,2.4119
2018/4/10,2.2619
2018/4/11,2.1619
2018/4/12,2.2316
2018/4/13,2.2316
2018/4/16,2.2566
2018/4/17,2.3396
2018/4/18,2.3536
2018/4/19,2.6852
2018/4/20,2.6992
2018/4/23,2.6992
2018/4/24,3.3905
2018/4/25,2.9902
2018/4/26,3.2512
2018/4/27,3.2915
2018/5/2,2.8742
2018/5/3,2.8352
2018/5/4,2.5152
2018/5/7,2.5152
2018/5/8,2.2456
2018/5/9,2.1906
2018/5/10,2.1796
2018/5/11,2.1796
2018/5/14,2.2936
2018/5/15,2.3915
2018/5/16,2.5315
2018/5/17,2.3099
2018/5/18,2.2759
2018/5/21,2.2399
2018/5/22,2.3536
2018/5/23,2.4629
2018/5/24,2.493
2018/5/25,2.4962
2018/5/28,2.5012
2018/5/29,2.6373
2018/5/30,2.7868
2018/5/31,2.7835
2018/6/1,2.7535
2018/6/4,2.6212
2018/6/5,2.6212
2018/6/6,2.6212
2018/6/7,2.4373
2018/6/8,2.2715
2018/6/11,2.2815
2018/6/12,2.2925
2018/6/13,2.2975
2018/6/14,2.2995
2018/6/15,2.3005
2018/6/19,2.2235
2018/6/20,2.3526
2018/6/21,2.2935
2018/6/22,2.2865
2018/6/25,2.2645
2018/6/26,2.2185
2018/6/27,2.1455
2018/6/28,1.9895
2018/6/29,2.3285
2018/7/2,2.2195
2018/7/3,2.1205
2018/7/4,1.8995
2018/7/5,1.8983
2018/7/6,1.8451
2018/7/9,1.9038
2018/7/10,1.9038
2018/7/11,1.863
2018/7/12,1.7834
2018/7/13,1.8647
2018/7/16,2.0617
2018/7/17,2.1212
2018/7/18,1.8848
2018/7/19,1.8072
2018/7/20,2.0634
2018/7/23,2.071
2018/7/24,2.1445
2018/7/25,2.0911
2018/7/26,2.0631
2018/7/27,1.9848
2018/7/30,1.9955
2018/7/31,1.995
2018/8/1,1.957
2018/8/2,1.9984
2018/8/3,1.8842
2018/8/6,1.7753
2018/8/7,1.6819
2018/8/8,1.4909
2018/8/9,1.6247
2018/8/10,1.8287
2018/8/13,1.8887
2018/8/14,1.9013
2018/8/15,1.9183
2018/8/16,1.9321
2018/8/17,2.0011
2018/8/20,2.0461
2018/8/21,2.0461
2018/8/22,1.9481
2018/8/23,1.8907
2018/8/24,1.8287
2018/8/27,1.8767
2018/8/28,1.8622
2018/8/29,1.9096
2018/8/30,1.7971
2018/8/31,1.8291
2018/9/3,1.7971
2018/9/4,1.7151
2018/9/5,1.6841
2018/9/6,2.0141
2018/9/7,2.1031
2018/9/10,2.0851
2018/9/11,2.1021
2018/9/12,2.0691
2018/9/13,2.0421
2018/9/14,1.9732
2018/9/17,1.9502
2018/9/18,2.1163
2018/9/19,2.0298
2018/9/20,1.9868
2018/9/21,1.9818
2018/9/25,2.0108
2018/9/26,2.0108
2018/9/27,1.9178
2018/9/28,1.9063
2018/9/29,1.9063
2018/9/30,1.9063
2018/10/8,1.7893
2018/10/9,1.8267
2018/10/10,1.7753
2018/10/11,1.7999
2018/10/12,1.7999
2018/10/15,1.7944
2018/10/16,1.888
2018/10/17,1.8653
2018/10/18,1.8836
2018/10/19,1.8705
2018/10/22,1.8305
2018/10/23,1.8065
2018/10/24,1.7485
2018/10/25,1.5705
2018/10/26,1.5205
2018/10/29,1.5205
2018/10/30,1.5205
2018/10/31,1.8805
2018/11/1,1.8805
2018/11/2,1.8805
2018/11/5,1.8805
2018/11/6,1.8753
2018/11/7,1.8729
2018/11/8,1.8729
2018/11/9,1.8729
2018/11/12,2
2018/11/13,2
2018/11/14,1.857
2018/11/15,1.871
2018/11/16,1.8887
2018/11/19,2.0887
2018/11/20,2.0881
2018/11/21,2.0581
2018/11/22,1.9351
2018/11/23,1.8714
2018/11/26,1.86
2018/11/27,1.86
2018/11/28,1.843
2018/11/29,1.843
2018/11/30,2.223
2018/12/3,1.8345
2018/12/4,1.7469
2018/12/5,1.5689
2018/12/6,1.7099
2018/12/7,1.7079
2018/12/10,1.7449
2018/12/11,1.7549
2018/12/12,1.7159
2018/12/13,1.7256
2018/12/14,1.78
2018/12/17,1.75
2018/12/18,1.794
2018/12/19,1.779
2018/12/20,1.692
2018/12/21,1.611
2018/12/24,1.441
2018/12/25,1.441
2018/12/26,1.442
2018/12/27,1.442
2018/12/28,1.442
2018/12/29,1.442
2018/12/30,1.442
2018/12/31,1.442
2019/1/2,1.442
2019/1/3,1.442
2019/1/4,1.442
2019/1/7,1.442
2019/1/8,1.409
2019/1/9,1.562
2019/1/10,1.662
2019/1/11,1.632
2019/1/14,1.802
2019/1/15,1.802
2019/1/16,1.862
2019/1/17,1.815
2019/1/18,1.735
2019/1/21,1.805
2019/1/22,1.805
2019/1/23,1.806
2019/1/24,1.825
2019/1/25,1.915
2019/1/28,1.745
2019/1/29,1.635
2019/1/30,1.565
2019/1/31,1.805
2019/2/1,1.655
2019/2/2,1.825
2019/2/3,1.647
2019/2/11,1.827
2019/2/12,1.587
2019/2/13,1.587
2019/2/14,1.587
2019/2/15,1.587
2019/2/18,1.697
2019/2/19,1.837
2019/2/20,1.727
2019/2/21,1.907
2019/2/22,1.9821
2019/2/25,1.9821
2019/2/26,2.0821
2019/2/27,2.0321
2019/2/28,1.9621
2019/3/1,1.6621
2019/3/4,1.4621
2019/3/5,1.6471
2019/3/6,1.7477
2019/3/7,1.7337
2019/3/8,1.7207
2019/3/11,1.7207
2019/3/12,1.9207
2019/3/13,1.7486
2019/3/14,1.9486
2019/3/15,1.9881
2019/3/18,1.9906
2019/3/19,2.0678
2019/3/20,2.1101
2019/3/21,2.1601
2019/3/22,2.1201
2019/3/25,2.0401
2019/3/26,2.0001
2019/3/27,1.8001
2019/3/28,1.5701
2019/3/29,2.0201
2019/4/1,1.8491
2019/4/2,1.4901
2019/4/3,1.1971
2019/4/4,1.1971
2019/4/8,1.2081
2019/4/9,1.5771
2019/4/10,1.9771
2019/4/11,1.9771
2019/4/12,1.8941
2019/4/15,2.0391
2019/4/16,2.2774
2019/4/17,2.3158
2019/4/18,2.3158
2019/4/19,1.9658
2019/4/22,1.8618
2019/4/23,1.9718
2019/4/24,1.9718
2019/4/25,2.0518
2019/4/26,2.0518
2019/4/28,2.041
2019/4/29,1.921
2019/4/30,1.921
2019/5/5,1.625
2019/5/6,1.625
2019/5/7,1.375
2019/5/8,1.325
2019/5/9,1.525
2019/5/10,1.5733
2019/5/13,1.5733
2019/5/14,1.8296
2019/5/15,1.9507
2019/5/16,1.9497
2019/5/17,1.8027
2019/5/20,2.2532
2019/5/21,2.2532
2019/5/22,2.1262
2019/5/23,2.0262
2019/5/24,1.9762
2019/5/27,2.1762
2019/5/28,2.1936
2019/5/29,1.9246
2019/5/30,1.7183
2019/5/31,1.7183
2019/6/3,1.7648
2019/6/4,1.7208
2019/6/5,1.6877
2019/6/6,1.6157
2019/6/10,1.7075
2019/6/11,1.7075
2019/6/12,1.7075
2019/6/13,1.6925
2019/6/14,1.5925
2019/6/17,1.4825
2019/6/18,1.4925
2019/6/19,1.4925
2019/6/20,1.4425
2019/6/21,1.3015
2019/6/24,1.1015
2019/6/25,1.1245
2019/6/26,1.0925
2019/6/27,1.063
2019/6/28,1.473
2019/7/1,1.1675
2019/7/2,1.0165
2019/7/3,1.044
2019/7/4,1.011
2019/7/5,1.222
2019/7/8,1.432
2019/7/9,1.76
2019/7/10,1.801
2019/7/11,1.801
2019/7/12,1.861
2019/7/15,2.2435
2019/7/16,2.2935
2019/7/17,2.3935
2019/7/18,2.4545
2019/7/19,2.5095
2019/7/22,2.3523
2019/7/23,2.1023
2019/7/24,2.0213
2019/7/25,2.1213
2019/7/26,2.1213
2019/7/29,2.1213
2019/7/30,2.1133
2019/7/31,2.1733
2019/8/1,2.0433
2019/8/2,2.0299
2019/8/5,1.9399
2019/8/6,1.9049
2019/8/7,1.9078
2019/8/8,1.9073
2019/8/9,1.9549
2019/8/12,1.959
2019/8/13,1.997
2019/8/14,2.019
2019/8/15,1.989
2019/8/16,1.995
2019/8/19,2.115
2019/8/20,2.165
2019/8/21,2.155
2019/8/22,2.116
2019/8/23,2.116
2019/8/26,2.169
2019/8/27,2.199
2019/8/28,2.131
2019/8/29,2.136
2019/8/30,2.136
2019/9/2,2.114
2019/9/3,2.077
2019/9/4,2.107
2019/9/5,2.167
2019/9/6,2.0865
2019/9/9,2.0865
2019/9/10,2.0965
2019/9/11,1.9945
2019/9/12,1.994
2019/9/16,1.961
2019/9/17,2.061
2019/9/18,2.061
2019/9/19,2.0629
2019/9/20,2.0719
2019/9/23,1.9719
2019/9/24,1.7219
2019/9/25,1.6519
2019/9/26,1.6519
2019/9/27,1.7519
2019/9/29,1.7303
2019/9/30,1.8325
2019/10/8,1.9325
2019/10/9,1.8069
2019/10/10,1.8019
2019/10/11,1.6969
2019/10/12,1.6969
2019/10/14,1.6969
2019/10/15,1.8449
2019/10/16,1.8359
2019/10/17,1.7269
2019/10/18,1.7599
2019/10/21,1.9099
2019/10/22,2.0599
2019/10/23,1.9149
2019/10/24,1.7649
2019/10/25,1.7149
2019/10/28,1.6869
2019/10/29,1.6269
2019/10/30,1.6269
2019/10/31,1.9139
2019/11/1,1.8139
2019/11/4,1.7639
2019/11/5,1.7139
2019/11/6,1.7139
2019/11/7,1.7139
2019/11/8,1.7009
2019/11/11,1.6809
2019/11/12,1.9709
2019/11/13,2.1109
2019/11/14,2.1004
2019/11/15,2.1252
2019/11/18,1.9617
2019/11/19,1.8617
2019/11/20,1.7817
2019/11/21,1.7317
2019/11/22,1.8307
2019/11/25,1.8007
2019/11/26,1.8897
2019/11/27,1.7997
2019/11/28,1.7451
2019/11/29,1.8534
2019/12/2,1.7734
2019/12/3,1.8234
2019/12/4,1.6624
2019/12/5,1.5974
2019/12/6,1.7644
2019/12/9,1.915
2019/12/10,1.815
2019/12/11,1.9085
2019/12/12,1.9185
2019/12/13,1.7685
2019/12/16,1.7944
2019/12/17,1.8757
2019/12/18,1.9585
2019/12/19,2.0734
2019/12/20,2.0329
2019/12/23,1.7759
2019/12/24,1.7759
2019/12/25,1.7759
2019/12/26,1.6809
2019/12/27,1.4028
2019/12/30,1.2
2019/12/31,1.2
2020/1/2,1.2
2020/1/3,1.2
2020/1/6,1.3
2020/1/7,1.4202
2020/1/8,1.4202
2020/1/9,1.4214
2020/1/10,1.4014
2020/1/13,1.6367
2020/1/14,1.796
2020/1/15,1.889
2020/1/16,1.844
2020/1/17,1.757
2020/1/19,1.648
2020/1/20,1.548
2020/1/21,1.4955
2020/1/22,1.5416
2020/1/23,1.4316
2020/2/3,1.6973
2020/2/4,1.4973
2020/2/5,1.4973
2020/2/6,1.4673
2020/2/7,1.4413
2020/2/10,1.4413
2020/2/11,1.4421
2020/2/12,1.4031
2020/2/13,1.3251
2020/2/14,1.1381
2020/2/17,1.3071
2020/2/18,1.3071
2020/2/19,1.3071
2020/2/20,1.2691
2020/2/21,1.2211
2020/2/24,1.2291
2020/2/25,1.2791
2020/2/26,1.1761
2020/2/27,1.3461
2020/2/28,1.2517
2020/3/2,1.2517
2020/3/3,1.2517
2020/3/4,1.168
2020/3/5,1.156
2020/3/6,1.156
2020/3/9,1.194
2020/3/10,1.6
2020/3/11,1.6
2020/3/12,1.5742
2020/3/13,1.4287
2020/3/16,1.4287
2020/3/17,1.4287
2020/3/18,1.3087
2020/3/19,1.2917
2020/3/20,1.1542
2020/3/23,1.0542
2020/3/24,1.0542
2020/3/25,1.0929
2020/3/26,1.1042
2020/3/27,1.1542
2020/3/30,1.24
2020/3/31,1.29
2020/4/1,1.2
2020/4/2,1.1
2020/4/3,0.823
2020/4/7,0.673
2020/4/8,0.81
2020/4/9,0.681
2020/4/10,0.781
2020/4/13,0.81
2020/4/14,0.6261
2020/4/15,0.49
2020/4/16,0.46
2020/4/17,0.46
2020/4/20,0.46
2020/4/21,0.46
2020/4/22,0.46
2020/4/23,0.56
2020/4/24,0.61
2020/4/26,0.606
2020/4/27,0.572
2020/4/28,0.622
2020/4/29,0.7108
2020/4/30,0.8808
2020/5/6,0.8808
2020/5/7,0.8808
2020/5/8,0.8808
2020/5/9,0.8808
2020/5/11,0.9068
2020/5/12,0.8338
2020/5/13,0.6838
2020/5/14,0.6984
2020/5/15,0.6838
2020/5/18,0.6838
2020/5/19,0.9838
2020/5/20,0.8188
2020/5/21,0.7028
2020/5/22,0.6928
2020/5/25,0.8553
2020/5/26,1.2053
2020/5/27,1.3553
2020/5/28,1.3533
2020/5/29,1.3483
2020/6/1,0.9483
2020/6/2,0.8482
2020/6/3,1.019
2020/6/4,1.0771
2020/6/5,1.1313
2020/6/8,1.1898
2020/6/9,1.3462
2020/6/10,1.2719
2020/6/11,1.2492
2020/6/12,1.1986
2020/6/15,1.1466
2020/6/16,1.1466
2020/6/17,1.3466
2020/6/18,1.4216
2020/6/19,1.4296
2020/6/22,1.4481
2020/6/23,1.3765
2020/6/24,1.1765
2020/6/28,0.7325
2020/6/29,0.6485
2020/6/30,1.1706
2020/7/1,1.3306
2020/7/2,1.1086
2020/7/3,1.0206
2020/7/6,1.0026
2020/7/7,1.2206
2020/7/8,1.2569
2020/7/9,1.4468
2020/7/10,1.4548
2020/7/13,1.2706
2020/7/14,1.3656
2020/7/15,1.3656
2020/7/16,1.5901
2020/7/17,1.5726
2020/7/20,1.5226
2020/7/21,1.2726
2020/7/22,1.3226
2020/7/23,1.3399
2020/7/24,1.3249
2020/7/27,1.3249
2020/7/28,1.3249
2020/7/29,1.0219
2020/7/30,0.9846
2020/7/31,1.4036
2020/8/3,1.1469
2020/8/4,1.2269
2020/8/5,1.2269
2020/8/6,1.1979
2020/8/7,1.2034
2020/8/10,1.2754
2020/8/11,1.4254
2020/8/12,1.4254
2020/8/13,1.3754
2020/8/14,1.3754
2020/8/17,1.3254
2020/8/18,1.2254
2020/8/19,1.2704
2020/8/20,1.3794
2020/8/21,1.4172
2020/8/24,1.4504
2020/8/25,1.1504
2020/8/26,1.1504
2020/8/27,1.1504
2020/8/28,1.0184
2020/8/31,1.4504
2020/9/1,1.0504
2020/9/2,1.1204
2020/9/3,1.0419
2020/9/4,1.0519
2020/9/7,1.0019
2020/9/8,0.9504
2020/9/9,1.0004
2020/9/10,0.912
2020/9/11,0.762
2020/9/14,0.562
2020/9/15,0.812
2020/9/16,0.812
2020/9/17,1.062
2020/9/18,1.162
2020/9/21,1.265
2020/9/22,1.347
2020/9/23,0.947
2020/9/24,0.757
2020/9/25,0.446
2020/9/27,0.446
2020/9/28,0.446
2020/9/29,0.757
2020/9/30,1.857
2020/10/9,1.1537
2020/10/10,1.1537
2020/10/12,1.0537
2020/10/13,1.0037
2020/10/14,1.1037
2020/10/15,1.2047
2020/10/16,1.2547
2020/10/19,1.2547
2020/10/20,1.3425
2020/10/21,1.3547
2020/10/22,1.2047
2020/10/23,1.1047
2020/10/26,1.2547
2020/10/27,1.7047
2020/10/28,1.7047
2020/10/29,1.6975
2020/10/30,2.0475
2020/11/2,1.9077
2020/11/3,1.7077
2020/11/4,1.5577
2020/11/5,1.5577
2020/11/6,1.6077
2020/11/9,1.8077
2020/11/10,1.9077
2020/11/11,1.9077
2020/11/12,1.9169
2020/11/13,1.9969
2020/11/16,1.7259
2020/11/17,1.4958
2020/11/18,1.3958
2020/11/19,1.4958
2020/11/20,1.3958
2020/11/23,1.341
2020/11/24,1.2958
2020/11/25,1.0958
2020/11/26,0.9958
2020/11/27,0.8782
2020/11/30,1.1982
2020/12/1,0.9958
2020/12/2,0.9738
2020/12/3,1.1328
2020/12/4,1.3178
2020/12/7,1.0178
2020/12/8,1.3511
2020/12/9,1.1931
2020/12/10,1.1596
2020/12/11,1.2853
2020/12/14,1.3511
2020/12/15,1.3511
2020/12/16,0.9532
2020/12/17,0.9532
2020/12/18,0.7332
2020/12/21,0.6532
2020/12/22,0.5532
2020/12/23,0.5532
2020/12/24,0.5532
2020/12/25,0.4532
2020/12/28,0.4032
2020/12/29,0.3532
2020/12/30,0.3732
2020/12/31,0.8222
2021/1/4,0.6282
2021/1/5,0.6532
2021/1/6,0.5402
2021/1/7,0.8452
2021/1/8,0.8892
2021/1/11,1.1392
2021/1/12,1.1892
2021/1/13,1.2892
2021/1/14,1.3495
2021/1/15,1.4125
2021/1/18,1.7125
2021/1/19,1.8375
2021/1/20,1.9375
2021/1/21,1.9675
2021/1/22,1.8305
2021/1/25,1.8445
2021/1/26,2.1205
2021/1/27,2.1795
2021/1/28,2.5795
2021/1/29,2.8375
2021/2/1,2.3505
2021/2/2,2.1505
2021/2/3,1.9005
2021/2/4,2.1005
2021/2/5,2.0005
2021/2/7,1.9005
2021/2/8,1.8005
2021/2/9,1.6665
2021/2/10,1.8195
2021/2/18,1.9005
2021/2/19,1.7753
2021/2/20,1.4753
2021/2/22,1.4239
2021/2/23,1.4739
2021/2/24,1.4239
2021/2/25,1.6149
2021/2/26,1.7149
2021/3/1,1.7049
2021/3/2,1.6049
2021/3/3,1.4049
2021/3/4,1.4304
2021/3/5,1.3557
2021/3/8,1.5049
2021/3/9,1.5549
2021/3/10,1.5049
2021/3/11,1.5049
2021/3/12,1.5049
2021/3/15,1.6549
2021/3/16,1.6549
2021/3/17,1.6049
2021/3/18,1.5049
2021/3/19,1.5849
2021/3/22,1.5049
2021/3/23,1.5049
2021/3/24,1.4049
2021/3/25,1.2549
2021/3/26,1.2549
2021/3/29,1.3069
2021/3/30,1.6069
2021/3/31,1.8069
2021/4/1,1.6481
2021/4/2,1.4981
2021/4/6,1.5919
2021/4/7,1.5419
2021/4/8,1.4419
2021/4/9,1.4419
2021/4/12,1.5419
2021/4/13,1.5419
2021/4/14,1.5752
2021/4/15,1.5816
2021/4/16,1.7176
2021/4/19,1.8419
2021/4/20,1.7519
2021/4/21,1.7019
2021/4/22,1.7519
2021/4/23,1.6519
2021/4/25,1.7279
2021/4/26,1.6519
2021/4/27,1.5519
2021/4/28,1.5019
2021/4/29,1.5492
2021/4/30,1.6292
2021/5/6,1.4807
2021/5/7,1.3862
2021/5/8,1.2862
2021/5/10,1.2732
2021/5/11,1.3232
2021/5/12,1.4232
2021/5/13,1.5333
2021/5/14,1.5577
2021/5/17,1.6977
2021/5/18,1.6977
2021/5/19,1.6037
2021/5/20,1.4977
2021/5/21,1.4871
2021/5/24,1.4977
2021/5/25,1.5277
2021/5/26,1.4824
2021/5/27,1.6094
2021/5/28,1.6566
2021/5/31,1.7566
2021/6/1,1.7054
2021/6/2,1.6954
2021/6/3,1.6454
2021/6/4,1.6001
2021/6/7,1.7201
2021/6/8,1.6801
2021/6/9,1.6556
2021/6/10,1.5456
2021/6/11,1.5028
2021/6/15,1.5956
2021/6/16,1.5456
2021/6/17,1.5067
2021/6/18,1.5067
2021/6/21,1.5456
2021/6/22,1.6456
2021/6/23,1.6
2021/6/24,1.53
2021/6/25,1.5
2021/6/28,1.51
2021/6/29,1.8584
2021/6/30,1.95