,trdwk,mkt_rf,smb,hml,umd,rf
549,2005-01-07,-0.009568757,0.0166918419,-0.001599847,-0.026043139,0.000428
550,2005-01-14,0.0023304293,0.0060333362,0.002732179,-0.003395773,0.000428
551,2005-01-21,-0.008800744,0.0043234589,0.0022991938,-0.018931597,0.000428
552,2005-01-28,-0.022081468,-0.017804431,-0.00286621,0.0347442781,0.000428
553,2005-02-04,0.0279387018,-0.046163578,0.0018794775,0.0398839776,0.000428
554,2005-02-18,-0.003800108,0.0156616305,0.002797259,-0.023485073,0.000428
555,2005-02-25,0.0482544878,0.0188294821,-0.004707055,-0.026505079,0.000428
556,2005-03-04,-0.019270058,0.0032819992,0.0010649841,0.0058578083,0.000428
557,2005-03-11,0.0059341594,0.0011445941,-0.007179017,0.0212978545,0.000428
558,2005-03-18,-0.053441089,-0.012729183,0.0082820382,0.0341698372,0.000428
559,2005-03-25,-0.019259605,-0.004831004,0.0003947813,0.0226738667,0.000428
560,2005-04-01,0.0074169462,-0.015261323,0.0039654171,0.0262753154,0.000428
561,2005-04-08,0.0214635903,-0.000519591,-0.002059051,-0.00167719,0.000428
562,2005-04-15,-0.033156025,-0.008852264,0.0014440167,0.020434897,0.000428
563,2005-04-22,-0.049033705,-0.030015328,0.017000922,0.0665788055,0.000428
564,2005-04-29,-0.010983417,-0.007044155,0.007777299,-0.003505985,0.000428
565,2005-05-13,-0.044342307,0.0116458972,-0.00235216,-0.041710123,0.000428
566,2005-05-20,-0.001701985,0.0126670039,-1.962e-05,-0.014596872,0.000428
567,2005-05-27,-0.03423054,0.0135277567,-0.013826247,-0.04740331,0.000428
568,2005-06-03,-0.034664212,0.016557515,0.0092374474,-0.035123767,0.000428
569,2005-06-10,0.0881478882,-0.010984082,-0.009969061,0.007935931,0.000428
570,2005-06-17,-0.026603089,-0.019385888,0.0074518375,0.026146751,0.000428
571,2005-06-24,0.0195503434,-0.002016178,0.0014152704,0.0213385356,0.000428
572,2005-07-01,-0.053540775,-0.023286878,-0.007778614,0.0483094396,0.000428
573,2005-07-08,-0.042311057,-0.020999826,0.0024270121,0.0400291977,0.000428
574,2005-07-15,0.0008640205,-0.029340977,-0.005436127,0.0421090812,0.000428
575,2005-07-22,0.0144195316,-0.011976904,0.0031046906,0.0028997807,0.000428
576,2005-07-29,0.0377012543,0.0033311022,-0.004940496,-0.016453679,0.000428
577,2005-08-05,0.0526816071,0.0135164928,-0.004137742,-0.042723666,0.000428
578,2005-08-12,0.0272165455,0.0275154599,-0.01729129,-0.029559567,0.000428
579,2005-08-19,-0.000228364,0.0216639832,-0.003737315,-0.028596041,0.000428
580,2005-08-26,0.0112901446,0.0350770132,-0.003199395,-0.042461951,0.000428
581,2005-09-02,0.0269657984,0.0137193538,0.0116019957,-0.014360589,0.000428
582,2005-09-09,0.005029876,0.004888897,-0.004242651,-0.012175838,0.000428
583,2005-09-16,0.0299340189,0.0265966222,-0.001494545,-0.035610423,0.000428
584,2005-09-23,-0.053433853,-0.010601554,-0.01246286,0.0333438922,0.000428
585,2005-09-30,0.0003934304,-0.011047687,0.0028319855,0.0290660979,0.000428
586,2005-10-14,-0.006940719,0.0090222024,0.0019522598,0.0031809151,0.000428
587,2005-10-21,0.0043637931,0.0241883859,0.0026800989,-0.008978118,0.000428
588,2005-10-28,-0.063074305,-0.047133779,-0.012003248,0.0507292391,0.000428
589,2005-11-04,0.0150353912,0.0155402004,0.0057662804,-0.034226548,0.000428
590,2005-11-11,-0.015144343,0.0073358572,-0.006214286,-0.007789586,0.000428
591,2005-11-18,0.022375117,0.0158364168,0.012598857,-0.029903476,0.000428
592,2005-11-25,-0.002472709,-0.000510017,-0.001674211,0.0060481889,0.000428
593,2005-12-02,-0.025998758,-0.01473524,0.0083649867,0.0208335412,0.000428
594,2005-12-09,0.0111670068,-0.021508909,0.0063246875,0.0091316874,0.000428
595,2005-12-16,0.0200813738,-0.00103206,0.0035757217,0.000496192,0.000428
596,2005-12-23,0.0156374675,-0.007927122,-0.003654585,0.0064268711,0.000428
597,2005-12-30,0.0167009796,-0.011188516,0.0001050431,0.0168689979,0.000428
598,2006-01-06,0.0440436893,-0.00812688,-0.005877047,-0.006721831,0.000428
599,2006-01-13,0.0247676665,0.0199041793,0.0068452587,-0.020560975,0.000428
600,2006-01-20,0.0187449257,-0.006745958,0.0090429231,0.0121843444,0.000428
601,2006-01-27,0.0107013625,-0.031274762,0.0050534054,0.0318754467,0.000428
602,2006-02-10,0.0287809353,0.0147406277,0.0072875256,-0.038050328,0.000428
603,2006-02-17,-0.022172948,-0.008631077,0.0080898569,0.0112461594,0.000428
604,2006-02-24,0.0263203274,-0.006595177,0.0068622423,-0.002039522,0.000428
605,2006-03-03,-0.009213276,-0.003994895,-0.004390269,0.0069388499,0.000428
606,2006-03-10,-0.036660757,-0.003793831,0.002748554,0.0085689304,0.000428
607,2006-03-17,0.0200647017,-0.002874205,-0.001639026,0.0316945095,0.000428
608,2006-03-24,0.0269671667,0.0021419908,0.0044314516,0.0202540716,0.000428
609,2006-03-31,0.0234006281,-0.015103214,-0.008702134,0.0440068308,0.000428
610,2006-04-07,0.0581227808,0.0044620674,0.0090432677,0.0268252158,0.000428
611,2006-04-14,0.0184927857,0.003496255,-0.000322515,-0.027322084,0.000428
612,2006-04-21,0.0254961466,-0.038248573,-0.002456725,0.0537909283,0.000428
613,2006-04-28,0.0203172524,-0.022948793,-0.001823578,0.039330065,0.000428
614,2006-05-12,0.1374878676,-0.009324098,0.0063573153,0.0362584162,0.000428
615,2006-05-19,0.0685264576,0.016170518,0.015255313,-0.055657811,0.000428
616,2006-05-26,-0.019874949,0.0412263216,0.0032191941,-0.044209185,0.000428
617,2006-06-02,0.069680766,0.0530313811,0.0001834386,-0.020117988,0.000428
618,2006-06-09,-0.075771474,-0.007844678,0.0003514226,-0.049699469,0.000428
619,2006-06-16,0.0261997182,0.0049441285,0.0006752321,0.0247935978,0.000428
620,2006-06-23,0.0256716952,0.0112801324,0.0022285427,0.0168238325,0.000428
621,2006-06-30,0.044675217,0.0041533326,0.0118287886,0.0085738049,0.000428
622,2006-07-07,0.0252500856,0.0214199081,-0.005208145,0.0253998449,0.000428
623,2006-07-14,-0.043504969,0.0029849947,-0.003348684,-0.002504787,0.000428
624,2006-07-21,0.0066961101,0.0282710111,0.0103607901,-0.013191875,0.000428
625,2006-07-28,-0.005048829,0.0123422246,-0.004312561,-0.003960597,0.000428
626,2006-08-04,-0.090138318,-0.007754288,0.0019393608,-0.040325138,0.000428
627,2006-08-11,0.0296362049,-0.000438678,0.000219309,0.0120050628,0.000428
628,2006-08-18,-0.007465237,-0.003135032,0.0004031033,-0.00299486,0.000479
629,2006-08-25,0.0228233186,-0.000958514,-0.011621899,0.0168969509,0.000479
630,2006-09-01,0.0215068882,0.0016291669,-0.000777066,0.0234184354,0.000479
631,2006-09-08,0.0098549458,0.0128370684,-0.006511246,0.001048918,0.000479
632,2006-09-15,0.0141680802,-0.000702902,0.0100224307,-0.031832721,0.000479
633,2006-09-22,0.0124215316,0.0065030567,-0.016813384,0.0254294723,0.000479
634,2006-09-29,0.0215146759,0.0081718793,-0.006181577,0.0041967137,0.000479
635,2006-10-13,0.0168568649,0.0119428828,0.0135774902,-0.023456245,0.000479
636,2006-10-20,0.0048602488,0.0023985836,-0.005035935,0.0204026785,0.000479
637,2006-10-27,-0.023012522,-0.025070853,-0.007649374,0.0037948746,0.000479
638,2006-11-03,0.0298907896,-0.022428633,0.017771039,-0.02938914,0.000479
639,2006-11-10,-0.018875544,-0.028958666,0.0001102694,0.0038559182,0.000479
640,2006-11-17,0.0152215239,-0.037015087,-0.010538317,0.0094007913,0.000479
641,2006-11-24,0.0411545814,-0.017933401,0.006252493,0.0028485641,0.000479
642,2006-12-01,0.0670327479,-0.026169145,-0.017418383,0.0565159823,0.000479
643,2006-12-08,-0.027403716,-0.005167001,0.0221958205,-0.030408907,0.000479
644,2006-12-15,0.0813493571,-0.028241315,-0.010759729,0.0612442476,0.000479
645,2006-12-22,0.0201837006,0.0146033078,-0.012130364,-0.00346277,0.000479
646,2006-12-29,0.0335725673,-0.060413781,0.0126761361,0.0468283358,0.000479
647,2007-01-05,0.0302386253,-0.009833431,0.0219479962,-0.023517335,0.000479
648,2007-01-12,0.0529054337,0.0197143829,-0.014493086,0.015150194,0.000479
649,2007-01-19,0.1327160056,0.0074211936,-0.031931085,0.000534276,0.000479
650,2007-01-26,0.0222927202,0.0045495935,0.020875772,-0.000227555,0.000479
651,2007-02-02,-0.057417001,0.0553828467,-0.012137289,-0.047237825,0.000479
652,2007-02-09,0.060732827,0.017970484,0.0091425787,-0.043717696,0.000479
653,2007-02-16,0.1152184075,0.0011565649,0.0257760686,0.0201065873,0.000479
654,2007-03-02,-0.031208516,0.0598091424,0.0423531978,-0.049794018,0.000479
655,2007-03-09,0.0441437504,0.0206617641,-0.000789502,0.0195280216,0.000479
656,2007-03-16,0.0185624906,0.036461037,-0.007861376,-0.014979271,0.000529
657,2007-03-23,0.056861716,0.0398543444,0.0248604886,-0.02430375,0.000529
658,2007-03-30,0.0126080578,-0.014045664,0.0105729025,-0.011736458,0.000529
659,2007-04-06,0.0812223342,0.0118726787,0.0179400556,0.0164888173,0.000529
660,2007-04-13,0.0663453402,-0.009997373,-0.001282352,0.0057089507,0.000529
661,2007-04-20,0.0618091926,0.0430811709,0.0359309607,0.0413451018,0.000529
662,2007-04-27,0.0586789028,0.0084155167,0.0311257896,0.0162950369,0.000529
663,2007-05-04,0.0173814631,-0.004810113,-0.003618473,0.0066607206,0.000529
664,2007-05-11,0.0492032069,0.0207504175,0.0346031043,0.0006693105,0.000529
665,2007-05-18,0.0320124968,0.0045463189,-0.016709584,-0.001953518,0.00058
666,2007-05-25,0.0788657828,0.028330631,0.0271782978,0.0348570006,0.00058
667,2007-06-01,-0.094605074,-0.099209675,-0.064611265,-0.010516662,0.00058
668,2007-06-08,0.0108475031,-0.033517232,-0.005861282,0.0273071281,0.00058
669,2007-06-15,0.0717927153,-0.00134543,-0.003446764,0.0039369309,0.00058
670,2007-06-22,-0.031361932,-0.007353261,-0.015620155,0.0149346313,0.00058
671,2007-06-29,-0.103336972,-0.051996399,-0.028362703,-0.024806792,0.00058
672,2007-07-06,-0.009263236,0.0191981902,0.0192392656,-0.027633434,0.00058
673,2007-07-13,0.0180162679,0.0131756778,-0.008360496,0.0132625051,0.00058
674,2007-07-20,0.0325519345,0.0093543694,-0.021478737,0.0042652665,0.00063
675,2007-07-27,0.1103602601,0.0306705386,0.0424284173,-0.007878383,0.00063
676,2007-08-03,0.0502902318,-0.015159718,-0.031275919,0.0532442861,0.00063
677,2007-08-10,0.0073635549,-0.029009011,0.0046920241,-0.003613602,0.00063
678,2007-08-17,-0.007085123,0.0345172062,0.0193432599,-0.039702499,0.00063
679,2007-08-24,0.1021964128,-0.029165219,-0.013001631,0.0330474345,0.00068
680,2007-08-31,0.0228635632,0.0104835889,0.0267996043,-0.023787516,0.00068
681,2007-09-07,0.0121058381,0.0011768811,0.0172318236,0.0094746524,0.00068
682,2007-09-14,0.0137848299,-0.015623806,0.0072445199,0.0262357823,0.00073
683,2007-09-21,0.0154025064,0.0044135786,0.02984577,-0.007286458,0.00073
684,2007-09-28,0.0086865341,-0.000958434,-0.013700822,-0.000406254,0.00073
685,2007-10-12,-0.008970935,-0.046032347,-0.020526078,0.0494866829,0.00073
686,2007-10-19,-0.017558547,0.0094095801,-0.009226542,-0.016981559,0.00073
687,2007-10-26,-0.08811264,-0.047554258,-0.053293468,0.0411798911,0.00073
688,2007-11-02,0.0142816757,0.0263462792,0.0134829857,-0.000419176,0.00073
689,2007-11-09,-0.064088588,0.0425349264,0.018668908,-0.081767993,0.00073
690,2007-11-16,8.7129e-05,0.0195533093,0.023535106,-0.015446874,0.00073
691,2007-11-23,-0.010828574,0.0065773879,0.0082252916,-0.02115448,0.00073
692,2007-11-30,-0.024609303,0.0239789624,0.0052024785,-0.023230814,0.00073
693,2007-12-07,0.0653221619,-0.008362015,0.0008681551,0.0052047486,0.00073
694,2007-12-14,0.0171456837,0.023745358,-0.00108034,-0.029960758,0.00073
695,2007-12-21,0.0386885319,0.0039046426,0.0103283,-0.010150227,0.00078
696,2007-12-28,0.0533766159,0.0019533742,-0.004921082,0.0215564414,0.00078
697,2008-01-04,0.044680756,0.0161062328,0.0111442226,-0.008861622,0.00078
698,2008-01-11,0.0250070697,-0.000985606,0.0042519136,0.031245672,0.00078
699,2008-01-18,-0.024910826,0.0244395256,0.0159874736,-0.030987008,0.00078
700,2008-01-25,-0.050544392,0.0006016657,-0.009206577,-0.011425685,0.00078
701,2008-02-01,-0.11275372,-0.0175983,-0.025623024,0.0120590609,0.00078
702,2008-02-08,0.0811344661,0.0060803509,0.0222545619,-0.001405911,0.00078
703,2008-02-15,-0.003694214,0.025799594,0.0127049435,-0.007819022,0.00078
704,2008-02-22,0.0071537624,0.039359987,0.0116759795,-0.011621665,0.00078
705,2008-02-29,-0.00684049,0.0256554542,0.0089981583,-0.031643216,0.00078
706,2008-03-07,0.0010816734,0.0238331358,-0.00032994,-0.021454962,0.00078
707,2008-03-14,-0.102746642,0.0243723534,0.0092257845,-0.014781195,0.00078
708,2008-03-21,-0.043829615,-0.010435121,-0.006422953,0.0148829039,0.00078
709,2008-03-28,-0.034139887,-0.000868881,-0.011355007,0.0014778619,0.00078
710,2008-04-04,-0.118953246,-0.059463549,-0.013799623,0.0201881429,0.00078
711,2008-04-11,0.0578282401,0.0122677311,0.0070632883,0.0072656686,0.00078
712,2008-04-18,-0.147687127,0.0042779758,-0.01492005,0.0139961557,0.00078
713,2008-04-25,0.1352671932,-0.034166959,0.0205653984,-0.016400221,0.00078
714,2008-05-02,0.0407891605,0.0023094083,0.0022536741,-0.000262795,0.00078
715,2008-05-09,0.0077593722,0.0305517003,-0.009479371,0.0181914781,0.00078
716,2008-05-16,0.0170923696,0.0043415573,0.0144043924,-0.019061203,0.00078
717,2008-05-23,-0.064306187,0.0100068502,0.0222608423,-0.003055788,0.00078
718,2008-05-30,-0.020197769,-0.002775118,-0.005783937,-0.017782978,0.00078
719,2008-06-06,-0.033561061,0.0096250043,-0.010820282,-0.034284386,0.00078
720,2008-06-13,-0.154842214,-0.004295562,-0.013793264,0.0339013549,0.00078
721,2008-06-20,-0.071026682,-0.033302313,-0.008166979,0.0178319284,0.00078
722,2008-06-27,-0.002425434,0.0067330122,-0.014637395,-0.002874322,0.00078
723,2008-07-04,0.0216902615,0.0208763936,0.0005107603,-0.003053085,0.00078
724,2008-07-11,0.0710922136,0.0078502933,-0.003568926,-0.040452568,0.00078
725,2008-07-18,-0.040780957,0.0122325521,0.0070802586,0.0352042083,0.00078
726,2008-07-25,0.0427262562,0.0305820468,0.0013821859,-0.032655878,0.00078
727,2008-08-01,-0.037034843,0.0148629225,0.004715161,-0.00410875,0.00078
728,2008-08-08,-0.106569965,-0.006029953,-0.009642927,0.0191779715,0.00078
729,2008-08-15,-0.072636349,-0.031718254,0.0037135441,0.0111811883,0.00078
730,2008-08-22,-0.037698578,0.0063897782,0.0072907273,-0.02250295,0.00078
731,2008-08-29,-0.028919161,0.007476339,0.018876128,-0.033517308,0.00078
732,2008-09-05,-0.072734823,0.0110094552,0.0285695486,-0.025509374,0.00078
733,2008-09-12,-0.047146849,-0.009092138,0.0230740101,-0.004764858,0.00078
734,2008-09-19,0.0326858573,-0.028244989,-0.003727034,0.0280759913,0.00078
735,2008-09-26,0.0500871629,-0.053870272,0.0002117051,-0.034191216,0.00078
736,2008-10-10,-0.143068363,0.0060666751,0.0144932467,0.0444974717,0.00073
737,2008-10-17,-0.061212389,0.0059051309,0.0203944488,-0.03074912,0.00073
738,2008-10-24,-0.007903928,0.0234508331,-0.016261672,0.0116093459,0.00073
739,2008-10-31,-0.092247299,-0.007702088,-0.003071938,-0.002270015,0.00068
740,2008-11-07,-0.003532424,0.0206318294,0.0257935305,-0.005338272,0.00068
741,2008-11-14,0.1876305697,0.0103108093,-0.010852095,-0.083260609,0.00068
742,2008-11-21,0.0142795091,0.0115278888,-0.007573844,0.0211870427,0.00068
743,2008-11-28,-0.031602089,-0.000686151,-0.005103144,0.0210710718,0.000479
744,2008-12-05,0.1129609652,0.031336931,-0.012481782,-0.048139591,0.000479
745,2008-12-12,-0.033687584,0.0063626713,-0.011365105,-0.003196388,0.000479
746,2008-12-19,0.0587729467,0.0270147539,-0.014927163,-0.001039208,0.000479
747,2008-12-26,-0.0952583,0.0143276379,-0.020114186,0.0139914876,0.000428
748,2009-01-02,-0.021378189,-0.004120721,-0.006134954,0.0308689325,0.000428
749,2009-01-09,0.0730386123,0.0253335241,0.001926108,-0.06272471,0.000428
750,2009-01-16,0.0331132784,0.0058016709,0.0052078264,-0.042672495,0.000428
751,2009-01-23,0.0191816026,-0.004996232,-0.003771534,-0.027515154,0.000428
752,2009-02-06,0.1040598071,0.0157937606,0.003361709,-0.05776195,0.000428
753,2009-02-13,0.1029104747,0.0187422149,0.0025287295,-0.036518739,0.000428
754,2009-02-20,-0.013474787,0.0036492205,0.0037180948,0.0048222609,0.000428
755,2009-02-27,-0.116946715,-0.007946052,0.0071765661,0.0333127241,0.000428
756,2009-03-06,0.0805417772,0.0286277233,0.0184489888,-0.02167827,0.000428
757,2009-03-13,-0.03339109,0.0132854559,-0.011732587,0.0001595978,0.000428
758,2009-03-20,0.0868163226,-0.012717081,-0.018088558,-0.041709089,0.000428
759,2009-03-27,0.0407752519,0.0042771956,-0.000319711,-0.015624996,0.000428
760,2009-04-03,0.0188931916,0.0089908323,-0.008670494,-0.005519078,0.000428
761,2009-04-10,0.018744386,0.0185784367,-0.014538694,0.0111586532,0.000428
762,2009-04-17,0.0348642135,0.0028889041,0.0085718795,-0.010361552,0.000428
763,2009-04-24,-0.023588302,0.0006457143,0.0088996106,-0.002567457,0.000428
764,2009-05-01,0.0170787591,-0.00631229,0.0016366809,0.0229597015,0.000428
765,2009-05-08,0.0558717931,0.0103069578,0.0089467237,-0.017771914,0.000428
766,2009-05-15,0.0052023007,0.0076171364,-0.006085694,-0.004346875,0.000428
767,2009-05-22,-0.01420103,0.0135099008,-0.001860445,-0.000152483,0.000428
768,2009-05-29,0.0036463414,0.0056282417,-0.003603479,0.0013352094,0.000428
769,2009-06-05,0.0358774956,-0.016141795,-0.007346792,-0.018201648,0.000428
770,2009-06-12,-0.015652754,0.0151584899,-0.003298921,-0.014814416,0.000428
771,2009-06-19,0.0436627161,-0.010634127,0.0052148445,0.0113301611,0.000428
772,2009-06-26,0.0104452977,-0.00172187,0.0046241651,0.0086405638,0.000428
773,2009-07-03,0.0464615108,-0.02449797,0.0024260247,0.0311269495,0.000428
774,2009-07-10,0.0404658227,0.0063435124,0.0048463601,-0.012004043,0.000428
775,2009-07-17,0.0363648272,0.0084248789,0.0076461523,-0.00503727,0.000428
776,2009-07-24,0.0315336656,-0.023217811,0.0233408827,-0.028984194,0.000428
777,2009-07-31,0.0121258966,-0.004438188,0.0202670642,-0.045999561,0.000428
778,2009-08-07,-0.022824512,0.0155117701,-0.024919524,-0.053133311,0.000428
779,2009-08-14,-0.065577413,-0.02120091,-0.002148218,0.030394159,0.000428
780,2009-08-21,-0.040071992,0.0065576321,-0.008415394,-0.033989227,0.000428
781,2009-08-28,-0.00565991,0.0394691006,-0.021969473,-0.012042781,0.000428
782,2009-09-04,-0.008446876,-0.003637853,-0.003491738,0.0068490579,0.000428
783,2009-09-11,0.0470964849,-0.008330135,0.003293403,0.0242173332,0.000428
784,2009-09-18,0.0093279693,0.0318596415,-0.009348085,0.0056238199,0.000428
785,2009-09-25,-0.052953075,0.0028665643,-0.011000173,-0.018745136,0.000428
786,2009-10-02,-0.029461815,-0.024487286,-0.013308929,-0.003602646,0.000428
787,2009-10-09,0.0523075633,-0.002067704,0.0051802672,0.0198251139,0.000428
788,2009-10-16,0.0301309625,0.0211830291,0.0169928409,0.0310139335,0.000428
789,2009-10-23,0.0456022774,0.0012131417,0.0062429567,0.0091010875,0.000428
790,2009-10-30,-0.030919124,0.0073031046,-0.015388529,0.0081514703,0.000428
791,2009-11-06,0.0680135143,0.0136554464,0.0046264249,-0.00221296,0.000428
792,2009-11-13,0.0172283625,0.0177972098,-0.009705985,0.000789123,0.000428
793,2009-11-20,0.0448956718,0.0223835759,0.0133573523,0.001189422,0.000428
794,2009-11-27,-0.060580003,-0.010939818,-0.007536406,-0.008903306,0.000428
795,2009-12-04,0.0702292885,0.0096797613,0.0236886624,0.0047186791,0.000428
796,2009-12-11,-0.005165065,0.0206412391,-0.000580431,0.0026795065,0.000428
797,2009-12-18,-0.056943754,-0.018030145,0.0080780715,-0.044221093,0.000428
798,2009-12-25,0.0318586567,0.0149726528,-0.005065121,0.011280323,0.000428
799,2010-01-01,0.0292515362,-0.003676215,0.0042443042,-0.014574211,0.000428
800,2010-01-08,-0.019266893,0.0243681726,-0.01109695,-0.006795782,0.000428
801,2010-01-15,0.0294371892,0.0332791973,-0.012298548,-0.021704254,0.000428
802,2010-01-22,-0.047956495,0.0094590446,0.0001591324,-0.026406723,0.000428
803,2010-01-29,-0.040136153,5.91423e-05,-0.020674074,-0.009941595,0.000428
804,2010-02-05,-0.020254366,0.0099527599,0.0036281295,0.002563997,0.000428
805,2010-02-12,0.0282718754,-0.009179681,-0.001817767,0.0065279378,0.000428
806,2010-02-26,0.0305564053,0.0362707326,0.005415158,0.0213240768,0.000428
807,2010-03-05,-0.010004864,0.0045896799,-0.002064599,-0.009658939,0.000428
808,2010-03-12,-0.017560567,0.0012290389,0.0084228228,-0.015992575,0.000428
809,2010-03-19,0.0278416425,0.0159866554,0.0085182725,0.004013,0.000428
810,2010-03-26,-0.000316479,0.0104943033,-0.010858844,0.009500748,0.000428
811,2010-04-02,0.0351356698,0.0010022932,-0.00224054,0.007950754,0.000428
812,2010-04-09,0.0030180032,0.024740118,-0.012456127,0.038227384,0.000428
813,2010-04-16,-0.005506732,5.83349e-05,-0.006457146,0.0102483976,0.000428
814,2010-04-23,-0.032011872,0.0276161066,-0.041175484,0.0550500764,0.000428
815,2010-04-30,-0.065461681,-0.041550245,0.0128165338,-0.038580194,0.000428
816,2010-05-07,-0.051884843,0.0417373713,-0.030511925,0.0674085238,0.000428
817,2010-05-14,-0.012524899,-0.040421749,0.008869324,-0.048072235,0.000428
818,2010-05-21,-0.042352229,-0.021613899,-0.017288857,0.005187025,0.000428
819,2010-05-28,0.0465329661,0.028141378,-0.007066546,0.0399569848,0.000428
820,2010-06-04,-0.035541252,0.0041264922,-0.018719094,0.0085965712,0.000428
821,2010-06-11,0.0171437973,0.0180936169,-0.013355025,0.0225461212,0.000428
822,2010-06-18,-0.038736508,-0.014522404,0.0231747181,-0.049877094,0.000428
823,2010-06-25,0.0121715017,0.0103614824,0.0067263546,-0.002258223,0.000428
824,2010-07-02,-0.092009191,-0.026805847,0.0087913795,-0.025565431,0.000428
825,2010-07-09,0.0561637407,0.0044856912,-0.009079308,0.0184673146,0.000428
826,2010-07-16,-0.011437597,0.0051397611,-0.003471704,-0.005923408,0.000428
827,2010-07-23,0.0740343894,-0.003304207,-0.007575335,-0.008900869,0.000428
828,2010-07-30,0.0388525848,0.007668501,0.0051070253,0.0015772683,0.000428
829,2010-08-06,0.0241993068,0.0118199388,-0.021762824,0.0335172019,0.000428
830,2010-08-13,-0.010011016,0.0063279329,-0.014333275,0.0124498585,0.000428
831,2010-08-20,0.0121365108,0.0026244276,-0.000526397,-0.008868707,0.000428
832,2010-08-27,0.0016139565,0.0166069327,-0.010032818,0.030326358,0.000428
833,2010-09-03,0.0402743087,0.0182032411,-0.018739435,0.0357370966,0.000428
834,2010-09-10,0.0105192975,-0.003014523,-0.011509524,0.0179078274,0.000428
835,2010-09-17,-0.018168225,-0.010573383,-0.004253512,0.0109754288,0.000428
836,2010-09-24,-0.007226235,-0.006284148,0.0041448307,-0.006230907,0.000428
837,2010-10-01,0.0274521109,-0.006424259,-0.014364028,0.0109620818,0.000428
838,2010-10-08,0.029702639,-0.009093125,-0.004529159,-0.004290997,0.000428
839,2010-10-15,0.036442111,-0.055007955,0.0449725264,-0.131650931,0.000428
840,2010-10-22,0.0294766745,0.0008699222,-0.027056977,0.0339602419,0.000475
841,2010-10-29,0.0166836242,0.0258540141,-0.009122974,0.0392238024,0.000475
842,2010-11-05,0.0409468544,0.0146769752,0.0046879412,0.0060097182,0.000475
843,2010-11-12,-0.049416927,0.0070565587,-0.019703704,0.0073938468,0.000475
844,2010-11-19,-0.037034582,0.035649337,-0.020139857,0.0520899115,0.000475
845,2010-11-26,0.0137294646,0.0156596347,-0.024560316,0.0378377635,0.000475
846,2010-12-03,-0.01542967,0.0010224322,0.0149748822,-0.026271411,0.000475
847,2010-12-10,-0.003105541,-0.00631155,0.0046542872,-0.001257683,0.000475
848,2010-12-17,0.0310270478,0.0107822993,-0.008726536,0.0109095399,0.000475
849,2010-12-24,-0.030260587,-0.008838601,0.0209133961,-0.04009527,0.000522
850,2010-12-31,-0.007931942,-0.008584325,-0.014615241,0.031020949,0.000522
851,2011-01-07,0.0052512897,0.0105196523,0.0119734285,-0.022811541,0.000522
852,2011-01-14,-0.02586612,-0.011457937,0.0191092479,-0.062435433,0.000522
853,2011-01-21,-0.033023596,0.0004707703,0.0170148721,-0.019533631,0.000522
854,2011-01-28,0.0149732059,-0.019478781,0.0084048356,0.0034708926,0.000522
855,2011-02-04,0.0181196756,0.0004302535,0.00145917,0.0062372218,0.000522
856,2011-02-11,0.0170830759,0.016460508,-0.010298891,0.0087878665,0.000569
857,2011-02-18,0.0289518229,0.0064273162,0.0012274826,0.0169070688,0.000569
858,2011-02-25,-0.001005992,0.0172450378,-0.011993942,0.0054559929,0.000569
859,2011-03-04,0.0166654442,0.0002587516,0.0131131609,-0.017491586,0.000569
860,2011-03-11,0.0035603634,0.0153138696,-0.006609917,0.0139449354,0.000569
861,2011-03-18,-0.004615643,0.0101366209,-0.004820038,-0.004703675,0.000569
862,2011-03-25,0.0194159233,0.0017680038,0.0123707112,-0.003082593,0.000569
863,2011-04-01,-0.015820996,-0.005898564,0.0106628403,-0.00972554,0.000569
864,2011-04-08,0.0192995807,0.0040400893,0.0099894807,0.0004344622,0.000615
865,2011-04-15,-0.002902515,0.0045792511,0.0005590806,-0.031607261,0.000615
866,2011-04-22,-0.004777969,0.0118488448,0.002818706,-0.002464171,0.000615
867,2011-04-29,-0.043481839,-0.030309524,0.0006292875,-0.014822036,0.000615
868,2011-05-06,-0.014574734,0.0260875737,-0.010752477,-0.012899291,0.000615
869,2011-05-13,0.0030741785,0.0187916435,0.0044031538,0.0097650957,0.000615
870,2011-05-20,-0.00585148,-0.003502471,-0.003887516,0.0023392141,0.000615
871,2011-05-27,-0.061487304,-0.030222622,0.0064049564,-0.008478172,0.000615
872,2011-06-03,0.0158648273,-0.000917194,-0.016821246,0.0342052463,0.000615
873,2011-06-10,-0.00378844,0.0020121128,-0.000651612,-0.001659683,0.000615
874,2011-06-17,-0.02206441,-0.011884332,0.0089014397,0.0012530789,0.000615
875,2011-06-24,0.0374318519,0.0025076218,-0.002214449,0.0189695573,0.000615
876,2011-07-01,0.0160077415,0.0069791772,-0.011220235,0.0171257125,0.000615
877,2011-07-08,0.0215428882,0.0098698958,-0.016911368,-0.000376339,0.000662
878,2011-07-15,0.0142437243,0.0155356742,-0.025005588,0.0090016167,0.000662
879,2011-07-22,-0.017642297,-0.000286808,-0.008574435,-0.00134359,0.000662
880,2011-07-29,-0.027776821,-0.003438039,-0.003188736,0.0038995457,0.000662
881,2011-08-05,-0.023190872,0.0052236897,-0.012332499,0.0101546716,0.000662
882,2011-08-12,-0.013804988,-0.004949844,-0.020642902,0.0106697211,0.000662
883,2011-08-19,-0.028557891,0.0125087817,-0.006220354,-0.007281824,0.000662
884,2011-08-26,0.0292599988,0.0143778901,0.0120280129,-0.014012579,0.000662
885,2011-09-02,-0.034849438,-0.002558564,-0.003359462,0.0034281911,0.000662
886,2011-09-09,-0.021314601,0.0053639885,0.0088967976,-0.012041453,0.000662
887,2011-09-16,-0.003976952,0.0063978716,0.0081334847,-0.0014871,0.000662
888,2011-09-23,-0.022022961,-0.003085952,0.0023311112,-0.005501988,0.000662
889,2011-09-30,-0.036845512,-0.029006159,0.0181464493,-0.007318115,0.000662
890,2011-10-14,0.0218407905,0.0206853711,0.0013565578,-0.02540858,0.000662
891,2011-10-21,-0.062973687,-0.009961694,0.0091550781,0.0296289009,0.000662
892,2011-10-28,0.0760054649,-0.008184969,-0.007391205,-0.019666357,0.000662
893,2011-11-04,0.0262142517,0.0151229878,-0.015635569,-0.02406357,0.000662
894,2011-11-11,-0.016407126,0.0097583954,-0.005205231,0.0054194163,0.000662
895,2011-11-18,-0.028587412,0.0062662584,-0.002605304,-0.00187145,0.000662
896,2011-11-25,-0.014258825,0.0018880671,-0.011622071,0.0102314785,0.000662
897,2011-12-02,-0.01789844,-0.014843664,-0.000891731,0.0152583807,0.000662
898,2011-12-09,-0.028048957,-0.007558491,0.0245146675,0.0176158116,0.000662
899,2011-12-16,-0.049546232,-0.020089896,0.0090260326,0.0387591837,0.000662
900,2011-12-23,-0.013668463,-0.022112241,0.011052959,0.0198597271,0.000662
901,2011-12-30,-0.01177977,-0.021388955,0.008556174,0.0014957727,0.000662
902,2012-01-06,-0.033541474,-0.025132276,0.0289009322,0.0207758114,0.000662
903,2012-01-13,0.0426997018,-0.006340502,-0.007297344,-0.031015333,0.000662
904,2012-01-20,0.0276093901,-0.018835745,0.0231302637,-0.031414938,0.000662
905,2012-02-03,0.0065670058,0.0266543726,-0.021164194,-0.012270888,0.000662
906,2012-02-10,0.0193067172,0.0123800928,-0.015436405,-0.019744464,0.000662
907,2012-02-17,0.0076790529,0.0248576091,-0.003450091,-0.031309318,0.000662
908,2012-02-24,0.0430406953,0.0027749511,-0.003752503,-0.01037852,0.000662
909,2012-03-02,0.009508792,-0.006036146,0.0008556269,0.0049254526,0.000662
910,2012-03-09,-0.000318617,0.0205653113,-0.01123525,-0.018458036,0.000662
911,2012-03-16,-0.01363402,-0.015178713,-0.017645319,0.031707814,0.000662
912,2012-03-23,-0.026131852,0.0076952732,0.0058320371,-0.002140647,0.000662
913,2012-03-30,-0.055186405,-0.014783133,0.015780756,0.0442239064,0.000662
914,2012-04-06,0.02789133,0.0077458609,-0.014054825,-0.014743863,0.000662
915,2012-04-13,0.0238982467,0.0141369623,0.0074870664,-0.023924405,0.000662
916,2012-04-20,0.0137148204,0.0020271497,0.0089854942,-0.018366181,0.000662
917,2012-04-27,-0.007415069,-0.025740993,0.0128931527,0.0094465934,0.000662
918,2012-05-04,0.0279402411,-0.011853873,-0.014638708,0.0036652716,0.000662
919,2012-05-11,-0.023207117,0.0198730958,-0.017862323,-0.004089196,0.000662
920,2012-05-18,-0.022136506,0.0097412208,0.0116338407,0.0002797752,0.000662
921,2012-05-25,-0.001690368,-0.012212273,-0.000772398,0.0078499686,0.000662
922,2012-06-01,0.0223417494,0.0069997481,-0.014560573,-0.002266747,0.000662
923,2012-06-08,-0.039379207,-0.004110643,-0.00558107,0.0180510697,0.000615
924,2012-06-15,0.0173517952,0.0079224683,-0.008701153,0.0096865877,0.000615
925,2012-06-22,-0.017681897,0.0081191174,-0.002255368,0.0019578811,0.000615
926,2012-06-29,-0.025585674,-0.00114409,-0.004269233,0.0242546037,0.000615
927,2012-07-06,0.0073399834,-0.006655704,-0.017415961,0.02438205,0.000569
928,2012-07-13,-0.011406274,-0.019754243,-0.009674965,0.0123837669,0.000569
929,2012-07-20,-0.019530454,0.0102156823,0.0132757223,-0.005554784,0.000569
930,2012-07-27,-0.02026211,-0.003207631,0.0035373304,0.0008642094,0.000569
931,2012-08-03,-0.002078014,-0.01836793,0.0086823663,0.0279672806,0.000569
932,2012-08-10,0.0265940949,0.0229709263,-0.011827369,-0.034752075,0.000569
933,2012-08-17,-0.027440166,0.0058315871,0.010550336,0.0040014422,0.000569
934,2012-08-24,-0.010940505,0.0207953651,-0.018525323,-0.010289401,0.000569
935,2012-08-31,-0.034382657,0.0132279584,0.016723231,0.0125870731,0.000569
936,2012-09-07,0.0527107871,0.0090198718,-0.010263346,-0.013008498,0.000569
937,2012-09-14,0.0011600155,-0.003658856,-0.00252413,-0.017122914,0.000569
938,2012-09-21,-0.050016152,-0.015765636,0.0015941077,0.0257779396,0.000569
939,2012-09-28,0.0264465084,-0.020428458,-0.002229371,-0.006479142,0.000569
940,2012-10-12,0.0086288098,0.0221008106,-0.000450745,-0.013466947,0.000569
941,2012-10-19,0.013671787,0.0011631861,-0.002246779,0.0051574774,0.000569
942,2012-10-26,-0.035098274,-0.001178227,0.0119166406,0.0025298496,0.000569
943,2012-11-02,0.0246367128,-0.000768298,0.001827085,0.0107347777,0.000569
944,2012-11-09,-0.031600293,-0.002188224,0.0051720911,0.0116949127,0.000569
945,2012-11-16,-0.031034509,-0.002218528,0.0110233119,0.0093077944,0.000569
946,2012-11-23,0.0017258926,0.0095560198,0.0137446843,-0.007178115,0.000569
947,2012-11-30,-0.03786033,-0.03758527,0.0206592838,0.0432540444,0.000569
948,2012-12-07,0.0388796051,0.0114079461,0.0180884297,-0.015309678,0.000569
949,2012-12-14,0.0340983828,0.0022360419,-0.004489708,-0.007038246,0.000569
950,2012-12-21,0.0076373566,-0.003329474,-0.010148579,-0.017981951,0.000569
951,2012-12-28,0.0393136466,0.011643776,-0.008308688,0.0008353044,0.000569
952,2013-01-04,0.0085424295,-0.004174827,0.0124588422,0.0005623293,0.000569
953,2013-01-11,-0.004686317,0.0206557557,-0.027520921,-0.008009548,0.000569
954,2013-01-18,0.0415135254,0.0146691094,-0.009132251,-0.002969797,0.000569
955,2013-01-25,-0.02386269,-0.002248506,0.0019312922,0.0023225568,0.000569
956,2013-02-01,0.0334615828,0.0015359255,0.0141539156,-0.01413329,0.000569
957,2013-02-08,0.0244125946,-0.00304597,-0.006420007,0.0083236218,0.000569
958,2013-02-22,-0.033308432,0.0297485106,-0.01899401,0.0046568489,0.000569
959,2013-03-01,0.0178017,0.0163466648,-0.00381815,0.0289058247,0.000569
960,2013-03-08,-0.016530106,0.0099888651,-0.007363167,-0.019122249,0.000569
961,2013-03-15,-0.021855895,-0.005592778,0.0022582239,0.0144969106,0.000569
962,2013-03-22,0.0203784812,0.0106613768,-0.004047886,0.029692393,0.000569
963,2013-03-29,-0.03044224,0.0004348664,-0.008513099,0.0195122256,0.000569
964,2013-04-05,-0.011175062,-0.009530741,0.0137500063,-0.019538638,0.000569
965,2013-04-12,-0.005379788,0.0004234791,-0.005440023,-0.001327224,0.000569
966,2013-04-19,0.0167648554,0.0110935651,-0.008436664,0.0223669937,0.000569
967,2013-04-26,-0.03320899,-0.001805692,-0.00535808,0.0084953743,0.000569
968,2013-05-03,0.0146132967,0.0138141985,-0.003524666,0.0288436486,0.000569
969,2013-05-10,0.0286047512,0.0118452819,-0.010152438,-0.011365763,0.000569
970,2013-05-17,0.022383843,0.008751536,-0.007264644,0.0046043567,0.000569
971,2013-05-24,0.01148212,0.0229319769,-0.014217853,-0.006018122,0.000569
972,2013-05-31,0.0050525028,0.0082851707,0.0017439777,0.0054741032,0.000569
973,2013-06-07,-0.043165085,-0.005911891,0.0023377352,-0.012810142,0.000569
974,2013-06-14,-0.019705768,0.0106088898,-0.012520666,0.0333139285,0.000569
975,2013-06-21,-0.03762478,0.003522086,-0.008216737,0.0045398531,0.000569
976,2013-06-28,-0.055403939,-0.010056141,-0.002197191,0.0448166112,0.000569
977,2013-07-05,0.0348919171,0.0017926432,-0.009841655,0.0267546928,0.000569
978,2013-07-12,0.0154356446,-0.004222607,0.0010659894,0.0090293552,0.000569
979,2013-07-19,-0.018853983,0.0201716301,0.0001422777,0.0252501666,0.000569
980,2013-07-26,0.0219475072,0.0137279842,-0.009518581,0.013724089,0.000569
981,2013-08-02,0.0136251785,0.0143808448,0.002903026,-0.007096526,0.000569
982,2013-08-09,0.0165451303,0.0059666404,-0.008004145,-0.009756602,0.000569
983,2013-08-16,-0.006031223,-0.004637822,0.0215819674,-0.040845957,0.000569
984,2013-08-23,0.0080014556,0.0278821187,-0.013042578,0.0335328679,0.000569
985,2013-08-30,0.0102584183,-0.005123805,0.0267770853,-0.047700322,0.000569
986,2013-09-06,0.0240312441,0.01333952,-0.005683802,0.046623659,0.000569
987,2013-09-13,0.0262419998,-0.019190384,0.029287852,-0.047830093,0.000569
988,2013-09-20,-0.014507613,0.012087803,-0.008893012,0.0309108371,0.000569
989,2013-09-27,-0.002826644,-2.0984e-05,-0.010183551,0.0324792852,0.000569
990,2013-10-04,0.009311862,0.0033495161,-0.001757903,0.0134588101,0.000569
991,2013-10-11,0.0293900893,0.0114829091,0.013551007,0.0194851463,0.000569
992,2013-10-18,-0.012331104,0.0033626124,-0.008741959,-0.019824914,0.000569
993,2013-10-25,-0.036138581,0.007765384,0.0077110098,-0.02502989,0.000569
994,2013-11-01,-0.00726066,-0.018192818,0.0230844665,-0.044561832,0.000569
995,2013-11-08,-0.018411925,0.0130455906,0.0015787558,-0.00820726,0.000569
996,2013-11-15,0.0229347371,0.0135415698,-0.014497744,0.0293736161,0.000569
997,2013-11-22,0.0251326277,0.0094327244,0.0111405342,-0.004457469,0.000569
998,2013-11-29,0.0211371264,0.0199930529,-0.013288958,0.0313636591,0.000569
999,2013-12-06,-0.006433083,-0.033888979,0.037733467,-0.055155849,0.000569
1000,2013-12-13,-0.005447428,0.0239824138,-0.010222447,0.0326867838,0.000569
1001,2013-12-20,-0.048764777,0.007513071,-0.008992131,0.0063595531,0.000569
1002,2013-12-27,0.0111719419,0.0141197555,-0.002426172,0.0265741464,0.000569
1003,2014-01-03,0.0004577388,0.0134655601,-0.015439014,0.0246370749,0.000569
1004,2014-01-10,-0.043783202,-0.004536344,-0.003806959,0.0188669238,0.000569
1005,2014-01-17,0.0066454622,0.0214839621,0.0023860557,0.0080883201,0.000569
1006,2014-01-24,0.0391873015,0.0187858903,-0.002580442,0.032131806,0.000569
1007,2014-01-31,-0.012283951,0.019910537,-0.003812206,0.018666977,0.000569
1008,2014-02-07,0.0115490149,0.0088115513,-0.001865469,0.0185500164,0.000569
1009,2014-02-14,0.0361840146,0.012684308,0.0010376537,-0.012792217,0.000569
1010,2014-02-21,0.0016110502,0.0073902284,-0.000517503,-0.006044969,0.000569
1011,2014-02-28,-0.033319163,0.0014136625,0.0153573019,-0.030874466,0.000569
1012,2014-03-07,0.0084831359,0.019174229,0.004008545,0.004197044,0.000569
1013,2014-03-14,-0.029318979,-0.007033981,-0.013289854,-0.029465019,0.000569
1014,2014-03-21,0.0174344779,0.0080318191,0.0198685657,-0.011728793,0.000569
1015,2014-03-28,-0.019611786,-0.020693447,0.0208833798,-0.042348452,0.000569
1016,2014-04-04,0.014946898,0.0061102193,-0.006301585,-0.001654533,0.000569
1017,2014-04-11,0.0258164704,-0.005764607,0.0017101286,0.0028572124,0.000569
1018,2014-04-18,-0.006885879,0.0223529,-0.002619232,0.0177787505,0.000569
1019,2014-04-25,-0.044651039,-0.017223211,0.0102997322,-0.039884103,0.000569
1020,2014-05-02,-0.007347491,-0.002830987,0.0006198442,-0.002307092,0.000569
1021,2014-05-09,-0.009616127,0.0039010711,-0.002065768,-0.017205883,0.000569
1022,2014-05-16,0.0050414305,-0.001619913,0.0113687345,-0.011217572,0.000569
1023,2014-05-23,0.0110125092,0.0168958386,-0.002638222,0.0294858737,0.000569
1024,2014-05-30,0.0065248388,0.0047461406,-0.008408403,0.0139782831,0.000569
1025,2014-06-06,-0.003473185,0.0089738729,0.0013743353,0.0057421025,0.000569
1026,2014-06-13,0.018924957,0.006988613,-0.003115691,0.0130860687,0.000569
1027,2014-06-20,-0.020489577,-0.007453445,0.0042464188,-0.019945329,0.000569
1028,2014-06-27,0.0234296174,0.0231361233,-0.005367955,0.0173979107,0.000569
1029,2014-07-04,0.0205230859,0.012005066,-0.007780707,0.0157473343,0.000569
1030,2014-07-11,-0.001888722,0.0124662627,0.0214364141,-0.003813098,0.000569
1031,2014-07-18,0.0051874182,-0.004389375,0.0231434031,-0.033954536,0.000569
1032,2014-07-25,0.0223897815,-0.019824215,0.0254813777,-0.037196507,0.000569
1033,2014-08-01,0.0281211104,0.0049848451,-0.019328006,0.007064271,0.000569
1034,2014-08-08,0.0152485823,0.0155034482,-0.005204565,0.0109266911,0.000569
1035,2014-08-15,0.0193856532,0.017483394,-0.003302756,0.0118121436,0.000569
1036,2014-08-22,0.0161428183,0.0164008615,-0.013299559,0.0075353665,0.000569
1037,2014-08-29,-0.013926896,-0.002662205,0.0012272407,0.0023932106,0.000569
1038,2014-09-05,0.0533362264,0.0090945229,0.0008646354,0.0110992098,0.000569
1039,2014-09-12,0.0122345012,0.0257257,-0.002537762,0.0085059875,0.000569
1040,2014-09-19,-0.00167968,0.0189990277,0.0073951273,-0.014370467,0.000569
1041,2014-09-26,0.0127130522,0.0187090666,-0.002718119,0.0173891471,0.000569
1042,2014-10-03,0.0121965755,0.0102189308,-0.00552344,0.008334448,0.000569
1043,2014-10-10,0.0105578174,0.0025594046,-0.003777052,0.0028657989,0.000569
1044,2014-10-17,-0.021466142,-0.01151412,0.003136662,-0.01562662,0.000569
1045,2014-10-24,-0.023824187,9.53064e-05,-0.006688089,0.0062263406,0.000569
1046,2014-10-31,0.0497458426,0.0097956261,0.0238651622,-0.001793826,0.000569
1047,2014-11-07,-0.001610659,0.014545515,0.0075981871,0.0066172473,0.000569
1048,2014-11-14,-0.003577027,-0.032578107,0.0262058015,-0.049697486,0.000569
1049,2014-11-21,0.0143188101,0.0263499539,-0.013223585,0.0321955066,0.000522
1050,2014-11-28,0.048014004,-0.00265142,0.0203309867,-0.009696196,0.000522
1051,2014-12-05,0.0513843407,-0.064765697,0.0351669654,-0.064911194,0.000522
1052,2014-12-12,0.0271430333,-0.022997964,0.0121953577,0.0352776551,0.000522
1053,2014-12-19,0.0264758982,-0.034166094,0.0511211748,0.0098047814,0.000522
1054,2014-12-26,-0.012608018,-0.015853752,0.0214847025,-0.030228271,0.000522
1055,2015-01-02,0.0004397216,-0.025236221,0.0352403437,-0.024288949,0.000522
1056,2015-01-09,0.0300758102,-0.020639973,-0.007080058,-0.031078707,0.000522
1057,2015-01-16,0.0185856554,-0.008261773,-0.015398106,-0.024452183,0.000522
1058,2015-01-23,0.0103848504,0.0271367207,-0.032638021,-0.031882712,0.000522
1059,2015-01-30,-0.01869469,0.0258134761,-0.014230549,-0.013995468,0.000522
1060,2015-02-06,-0.035259102,0.0145165803,-0.036990877,-0.033260954,0.000522
1061,2015-02-13,0.0442224016,0.0002905934,-0.006563684,0.0034990728,0.000522
1062,2015-02-20,0.0203210718,0.0047788902,-0.011567378,-0.002678783,0.000522
1063,2015-02-27,0.0224517064,0.0073236579,0.0160596476,0.0073156423,0.000475
1064,2015-03-06,-0.001000753,0.0418264285,-0.014820297,-0.020375342,0.000475
1065,2015-03-13,0.0339234512,0.0061914304,-0.010649801,-0.002147283,0.000475
1066,2015-03-20,0.0796515095,0.0193416043,0.0032910437,0.0309137232,0.000475
1067,2015-03-27,0.0415932903,0.0090621022,-0.006803938,0.0093979869,0.000475
1068,2015-04-03,0.063579835,0.0361171765,-0.012152141,0.0067248627,0.000475
1069,2015-04-10,0.0325311577,0.0048725356,0.0192690047,0.0092856514,0.000475
1070,2015-04-17,0.052087936,-0.044903486,0.0637191236,0.0398856058,0.000475
1071,2015-04-24,0.0520009758,0.0149399642,-0.018781777,0.0205286981,0.000475
1072,2015-05-01,0.0068632673,-0.005324453,0.0060380833,0.0139659912,0.000475
1073,2015-05-08,-0.042461212,0.023133237,-0.069155695,-0.033911943,0.000475
1074,2015-05-15,0.0518081099,0.0530724856,-0.051077114,0.0241994423,0.000428
1075,2015-05-22,0.1079102128,0.0401828105,-0.015187522,0.0008242043,0.000428
1076,2015-05-29,0.0046349228,0.0410685324,-0.031412568,-0.018074798,0.000428
1077,2015-06-05,0.1130143034,0.0279181899,0.0375413123,-0.003058928,0.000428
1078,2015-06-12,0.0338768849,0.021508049,0.0066779308,-0.036057364,0.000428
1079,2015-06-19,-0.142964548,-0.003791077,0.022467646,-0.025907602,0.000428
1080,2015-06-26,-0.086109461,-0.028618994,0.0323613724,-0.030006441,0.000381
1081,2015-07-03,-0.172840923,-0.090921255,0.0061480051,-0.110328406,0.000381
1082,2015-07-10,0.0050087899,-0.100532945,0.0619516403,-0.051327529,0.000381
1083,2015-07-17,0.0778750422,0.0677605354,-0.048372048,0.0296559462,0.000381
1084,2015-07-24,0.0629746003,0.0599869661,-0.038803032,0.0619575745,0.000381
1085,2015-07-31,-0.114576781,-0.012432116,0.0112455586,-0.006847857,0.000381
1086,2015-08-07,0.0361304116,0.0216314685,-0.0010097,-0.030929061,0.000381
1087,2015-08-14,0.0833271678,0.0321835167,0.0069568771,0.0181314005,0.000381
1088,2015-08-21,-0.133295587,0.0018127399,4.878e-05,-0.022658087,0.000381
1089,2015-08-28,-0.107203509,-0.017331237,0.0124692257,-0.018281753,0.000334
1090,2015-09-04,-0.077140023,-0.089066025,0.0425921958,0.0037856122,0.000334
1091,2015-09-11,0.0524944972,0.0918791446,-0.036641731,-0.043971356,0.000334
1092,2015-09-18,-0.055858299,-0.016997157,0.0059470442,-0.000374563,0.000334
1093,2015-09-25,0.002450409,0.0188760988,-0.023998115,-0.019891914,0.000334
1094,2015-10-02,-0.004204956,0.0166863447,-0.025422776,-0.01591169,0.000334
1095,2015-10-09,0.0602809371,0.0130544681,-0.01298587,-0.018455366,0.000334
1096,2015-10-16,0.0926850309,0.0254740068,-0.013667051,0.001366273,0.000334
1097,2015-10-23,0.0149819216,0.0189753658,-0.026017289,0.0051629108,0.000286
1098,2015-10-30,-0.007857586,0.0185202768,-0.003440742,-0.016186315,0.000286
1099,2015-11-06,0.0553313324,0.011314572,0.0083223654,-0.010478756,0.000286
1100,2015-11-13,0.0047591289,0.0341167032,-0.021462236,0.0028724347,0.000286
1101,2015-11-20,0.028639506,0.036021741,-0.007758917,-0.001743046,0.000286
1102,2015-11-27,-0.059570437,0.0216161463,-0.00836437,-0.00795193,0.000286
1103,2015-12-04,0.0262410077,0.005959585,0.0216875566,-0.01645002,0.000286
1104,2015-12-11,-0.025035395,0.0115604554,-0.024480133,0.0034763363,0.000286
1105,2015-12-18,0.055682835,0.031349885,-0.006372968,0.0085081299,0.000286
1106,2015-12-25,0.0116819371,0.0104583938,0.0125802689,-0.025943353,0.000286
1107,2016-01-01,-0.020986872,0.0128459576,-0.007697298,-0.002453727,0.000286
1108,2016-01-08,-0.128880564,-0.037532901,0.0353991038,-0.083461146,0.000286
1109,2016-01-15,-0.105177868,-0.029760577,0.0043202871,-0.031421809,0.000286
1110,2016-01-22,0.0146061999,0.0257158453,-0.002776899,0.0172261894,0.000286
1111,2016-01-29,-0.075633949,-0.014930617,0.0124459078,-0.036983387,0.000286
1112,2016-02-05,0.0247959858,0.0267198996,-0.027115329,0.0219873153,0.000286
1113,2016-02-19,0.0524030205,0.0236906412,-0.008564079,0.0111776599,0.000286
1114,2016-02-26,-0.048964184,-0.021306822,0.0304203968,-0.025915006,0.000286
1115,2016-03-04,0.0162655389,-0.050108099,0.0468664079,-0.056772058,0.000286
1116,2016-03-11,-0.023210292,0.0171516893,-0.017003664,-0.003542258,0.000286
1117,2016-03-18,0.0742287445,0.0387993563,-0.029861307,0.0042651007,0.000286
1118,2016-03-25,0.0150156768,0.0201597842,-0.013065974,0.0151381766,0.000286
1119,2016-04-01,0.0119188339,0.0065504175,0.0187030196,-4.2341e-05,0.000286
1120,2016-04-08,0.0005942313,0.012733625,-0.00946473,0.0132520033,0.000286
1121,2016-04-15,0.0358573532,0.0165594259,0.0016898669,-0.0144314,0.000286
1122,2016-04-22,-0.052879967,-0.00857132,0.0143288645,0.0040623188,0.000286
1123,2016-04-29,-0.003035035,0.0112843519,-0.00231219,0.0153580439,0.000286
1124,2016-05-06,-0.006376843,0.0014410208,-0.005880901,-0.000972455,0.000286
1125,2016-05-13,-0.039321239,-0.037736435,0.0112041562,0.0160856049,0.000286
1126,2016-05-20,-1.878e-05,-0.001107728,-0.011824942,-0.008626705,0.000286
1127,2016-05-27,0.0003857657,0.0138350425,-0.002384262,-0.00490028,0.000286
1128,2016-06-03,0.052498435,0.0123595375,-0.020339828,0.0086603517,0.000286
1129,2016-06-10,-0.002115091,0.0091417436,-0.000465202,0.0034515491,0.000286
1130,2016-06-17,-0.010545171,0.0087347992,0.0029029668,0.0105583489,0.000286
1131,2016-06-24,-0.00850418,0.0043756906,-0.013351336,-0.003332226,0.000286
1132,2016-07-01,0.0333519797,0.0054961814,-0.007000085,0.0041949327,0.000286
1133,2016-07-08,0.0306731399,0.0040871146,0.0082864509,0.0034837874,0.000286
1134,2016-07-15,0.0219045954,-0.013437942,0.0157279723,-0.017814218,0.000286
1135,2016-07-22,-0.01222479,0.0064649128,-0.004769398,-0.006030462,0.000286
1136,2016-07-29,-0.022994679,-0.020900452,0.0407299463,-0.021295901,0.000286
1137,2016-08-05,-0.001732881,0.0060247837,0.0073902599,-0.006569442,0.000286
1138,2016-08-12,0.0168955861,0.001067205,0.0111025525,-0.00671584,0.000286
1139,2016-08-19,0.0302336616,0.011149864,-0.004488773,-0.011439036,0.000286
1140,2016-08-26,-0.015226172,0.0115259282,-0.007201643,0.0039913527,0.000286
1141,2016-09-02,-0.00535412,0.0028595248,0.0085776638,-0.009195976,0.000286
1142,2016-09-09,0.0110545647,0.0187896542,0.0027115157,0.0040882823,0.000286
1143,2016-09-16,-0.026165122,0.0034660158,0.0051019537,-0.008132304,0.000286
1144,2016-09-23,0.0121026302,0.0116100777,0.0019081284,0.0057889242,0.000286
1145,2016-09-30,-0.007873046,0.003925396,0.00118283,0.0060704143,0.000286
1146,2016-10-14,0.0254923362,0.0082737813,-0.002695745,-0.015116865,0.000286
1147,2016-10-21,0.008874685,0.0014975844,0.0130237402,-0.007218072,0.000286
1148,2016-10-28,-0.000885294,0.0057379844,0.0047283335,0.0115399585,0.000286
1149,2016-11-04,0.003934095,0.0188946514,0.0042529739,0.0060333463,0.000286
1150,2016-11-11,0.0211235033,0.0149985922,0.017480226,-0.006112186,0.000286
1151,2016-11-18,0.0012981523,0.0039475856,-0.007524507,-0.011692491,0.000286
1152,2016-11-25,0.0126850954,-0.009843913,0.0171667542,0.0044146901,0.000286
1153,2016-12-02,-0.006145191,-0.027102012,0.0194441651,0.0101412857,0.000286
1154,2016-12-09,-0.006658226,0.0139097349,0.001373072,0.0047886415,0.000286
1155,2016-12-16,-0.032640993,0.0125297824,0.0143138821,0.0016133201,0.000286
1156,2016-12-23,-0.001216682,-0.001189183,0.004320951,-0.00518166,0.000286
1157,2016-12-30,-0.001945051,0.0090420812,0.0041515821,0.0089217771,0.000286
1158,2017-01-06,0.0202528511,0.0016573427,0.0170535067,-0.003328837,0.000286
1159,2017-01-13,-0.023404698,-0.015653168,0.0059711957,-0.01224521,0.000286
1160,2017-01-20,-0.004970589,-0.022310197,0.0176927335,0.0072095325,0.000286
1161,2017-01-27,0.0142532628,0.0026559321,0.0017900135,0.0022322272,0.000286
1162,2017-02-03,-0.004180268,-0.000138751,-0.002930916,-0.000244826,0.000286
1163,2017-02-10,0.0212781521,0.0201109305,0.0166544435,0.0008595479,0.000286
1164,2017-02-17,-0.003615634,-0.004459879,0.0032044611,0.0005906689,0.000286
1165,2017-02-24,0.0208637873,-0.003188571,-0.008276457,-0.003698076,0.000286
1166,2017-03-03,-0.009024431,-0.002667446,-0.013441781,-0.002501807,0.000286
1167,2017-03-10,-0.001017763,0.0016230243,-0.011485156,0.0014180105,0.000286
1168,2017-03-17,0.0060325383,0.0025748173,0.0017998575,0.0061001684,0.000286
1169,2017-03-24,0.0141946221,-0.01019078,0.0158983238,0.0310136639,0.000286
1170,2017-03-31,-0.020262062,-0.017433748,0.010955864,0.0102408267,0.000286
1171,2017-04-07,0.0274519611,-0.001098802,0.0105595941,0.0028237218,0.000286
1172,2017-04-14,-0.009749959,-0.018669134,0.0248684974,0.001080291,0.000286
1173,2017-04-21,-0.027018364,-0.035649105,0.0014927508,0.0426077829,0.000286
1174,2017-04-28,-0.014875484,0.0019418509,0.0003669492,0.0051249367,0.000286
1175,2017-05-05,-0.017753175,0.0048993571,0.0001090783,0.0079463381,0.000286
1176,2017-05-12,-0.02825573,-0.024253998,0.0065896849,0.0265690818,0.000286
1177,2017-05-19,0.01733855,0.0019833578,-0.010442128,-0.011319806,0.000286
1178,2017-05-26,-0.010794242,-0.032687795,0.0221055338,0.0313230754,0.000286
1179,2017-06-02,-0.00496161,-0.017261477,0.0122509208,0.0206542311,0.000286
1180,2017-06-09,0.0330082947,0.005717491,-0.016827297,-0.016652688,0.000286
1181,2017-06-16,-0.000878682,0.012780543,-0.005086485,-0.02685256,0.000286
1182,2017-06-23,0.0079719102,-0.022187283,0.0077454082,0.0282232363,0.000286
1183,2017-06-30,0.0146158841,-0.000662717,0.0033238181,-0.000144477,0.000286
1184,2017-07-07,0.0091454098,0.0177008349,0.0069856364,-0.021013074,0.000286
1185,2017-07-14,-0.007879389,-0.01437869,0.0245519155,0.0277813444,0.000286
1186,2017-07-21,0.0014406369,-0.032475489,0.0298467049,0.0475906779,0.000286
1187,2017-07-28,0.0062977795,0.0136589876,-0.006636667,-0.02689878,0.000286
1188,2017-08-04,-0.001727605,0.0028453599,0.0111144016,-0.003868704,0.000286
1189,2017-08-11,-0.009484378,-0.009659567,-0.018816239,-0.005398232,0.000286
1190,2017-08-18,0.0252476991,0.0071931392,-0.011965798,-0.027042709,0.000286
1191,2017-08-25,0.0013209104,0.001419078,0.002276926,0.0033454315,0.000286
1192,2017-09-01,0.0191493705,0.0011022973,-0.011144396,-0.000245881,0.000286
1193,2017-09-08,0.0047652986,0.005492364,-0.018362969,-0.021558877,0.000286
1194,2017-09-15,0.0057773081,0.001354726,0.0056237268,-0.006817993,0.000286
1195,2017-09-22,-0.003293671,-0.00014964,-0.005118924,-0.001733524,0.000286
1196,2017-09-29,0.0021418128,-0.010654273,-0.007975083,0.0108208588,0.000286
1197,2017-10-13,0.0192941272,-0.002454869,-0.014015503,-0.013623722,0.000286
1198,2017-10-20,-0.010474005,-0.024978182,0.0027177957,0.0364655035,0.000286
1199,2017-10-27,0.0147981088,-0.01231865,0.0022896415,0.0242165375,0.000286
1200,2017-11-03,-0.018908033,-0.024140622,-0.007626113,0.0332416965,0.000286
1201,2017-11-10,0.0279095392,-0.010432179,-0.007668933,0.010092756,0.000286
1202,2017-11-17,-0.028925426,-0.026630208,0.0265393573,0.0437324275,0.000286
1203,2017-11-24,-0.013174386,-0.000243928,0.0160587645,0.0043658886,0.000286
1204,2017-12-01,-0.002690452,0.0166676143,0.0108652598,-0.014398746,0.000286
1205,2017-12-08,-0.011593396,-0.014096696,-0.002761264,0.0131931317,0.000286
1206,2017-12-15,0.0028906851,-0.000615489,-0.009913038,-0.001967129,0.000286
1207,2017-12-22,0.0088212785,-0.020744948,0.0095524505,0.0399741324,0.000286
1208,2017-12-29,0.000190919,0.0019981801,0.0070069341,0.002109545,0.000286
1209,2018-01-05,0.0344561977,-0.010254247,0.0215768895,0.0092954695,0.000286
1210,2018-01-12,0.0077019681,-0.019282803,0.0009320348,0.0158197159,0.000286
1211,2018-01-19,-0.012694609,-0.00440308,0.0220305431,0.0118924342,0.000286
1212,2018-01-26,0.0228778588,-0.01611532,0.0027090501,0.00856809,0.000286
1213,2018-02-02,-0.044668225,-0.043219417,0.0273084093,0.0891184149,0.000286
1214,2018-02-09,-0.095663417,0.0173140895,-0.012309518,-0.03017717,0.000286
1215,2018-02-16,0.036123703,-0.006211304,-0.004703912,0.0103844311,0.000286
1216,2018-02-23,0.0271353701,-0.005600632,0.0065249064,0.0104354373,0.000286
1217,2018-03-02,0.0095329679,0.0231806128,-0.040089085,-0.056429548,0.000286
1218,2018-03-09,0.0239841632,0.0065863688,-0.023717691,-0.019169479,0.000286
1219,2018-03-16,-0.008425625,0.0049950777,0.0034731674,-0.01409458,0.000286
1220,2018-03-23,-0.048143832,-0.00770856,-0.012750923,-0.008300678,0.000286
1221,2018-03-30,0.0262401764,0.0304889583,-0.038898662,-0.045824373,0.000286
1222,2018-04-06,-0.012322304,0.0026224262,-0.000315815,0.001906195,0.000286
1223,2018-04-13,0.0027143031,0.0006305656,0.0042157262,0.0103905535,0.000286
1224,2018-04-20,-0.027056715,-0.011321725,-0.008661766,0.0123098202,0.000286
1225,2018-04-27,-0.000938344,-0.001088605,-0.001176434,0.0142835003,0.000286
1226,2018-05-04,0.007020536,-0.006884268,4.90378e-05,0.0094013865,0.000286
1227,2018-05-11,0.0247563874,-0.004882283,-0.001152059,0.0085533671,0.000286
1228,2018-05-18,0.0098842808,-0.005677851,0.0071423655,0.0113735648,0.000286
1229,2018-05-25,-0.016290997,0.0089962345,-0.017285493,-0.019597315,0.000286
1230,2018-06-01,-0.021490184,-0.021634022,0.0139155526,0.0465340591,0.000286
1231,2018-06-08,0.0029257392,-0.013008103,-0.013271004,0.0233097322,0.000286
1232,2018-06-15,-0.024020214,-0.016930865,0.0294746772,0.0308688537,0.000286
1233,2018-06-22,-0.0491306,-0.027469823,0.0021162558,0.0481086995,0.000286
1234,2018-06-29,-0.005336816,0.0279333427,-0.020848203,-0.030549034,0.000286
1235,2018-07-06,-0.045920453,0.0110318037,0.0025470435,-0.009275758,0.000286
1236,2018-07-13,0.0443823799,-0.015146661,-0.022417284,0.0273400832,0.000286
1237,2018-07-20,-0.005260829,0.0069162812,0.0094618463,-0.016374866,0.000286
1238,2018-07-27,0.0166818764,0.01458503,0.0382254648,-0.045296913,0.000286
1239,2018-08-03,-0.060222079,-0.000145467,0.0283254321,0.0043260456,0.000286
1240,2018-08-10,0.0242253924,-0.001291775,0.0091829093,-0.001444656,0.000286
1241,2018-08-17,-0.049439469,0.0083589969,0.0104539613,-0.004821951,0.000286
1242,2018-08-24,0.0145821051,-0.006103051,-0.008301733,0.0116882509,0.000286
1243,2018-08-31,-0.001328661,-0.010000775,0.0066779111,0.0104286798,0.000286
1244,2018-09-07,-0.011655911,0.0122201887,0.0044596493,-0.017989465,0.000286
1245,2018-09-14,-0.013833739,0.0032398933,0.0217896283,-0.008924326,0.000286
1246,2018-09-21,0.0388081088,-0.021914709,-0.002847082,0.0194404316,0.000286
1247,2018-09-28,0.0060993292,-0.021743009,-0.003896478,0.0229567827,0.000286
1248,2018-10-12,-0.090650901,-0.014170647,0.0090049082,0.0540199873,0.000286
1249,2018-10-19,-0.034339319,-0.004312882,-0.004623661,-7.4151e-05,0.000286
1250,2018-10-26,0.008811069,0.0402334913,0.0288335138,-0.052205933,0.000286
1251,2018-11-02,0.0415064859,0.0013215158,-0.017709517,-0.01950501,0.000286
1252,2018-11-09,-0.019186979,0.0325238516,0.010344932,-0.034402903,0.000286
1253,2018-11-16,0.0446339529,0.0489911822,0.002570557,-0.075086957,0.000286
1254,2018-11-23,-0.045596858,-0.011201561,-0.000997354,0.0274025828,0.000286
1255,2018-11-30,0.004224446,-0.007581849,-0.000831983,0.0037255978,0.000286
1256,2018-12-07,0.0099983782,0.0090171747,-0.000792803,-0.01229522,0.000286
1257,2018-12-14,-0.006200736,-0.016901535,0.0002526894,0.0241371933,0.000286
1258,2018-12-21,-0.031615055,0.017655333,0.0083525647,-0.005347383,0.000286
1259,2018-12-28,-0.011327953,-0.012619767,-0.012729635,0.0242235909,0.000286
